X1,Player,Team,Position,Age,Date of Birth,Birth City,Birth State/Province,Birth Country,Nationality,Height (in),Weight (lbs),Draft Year,Draft Team,Draft Round,Round Pick,Overall Draft Position
703,A.J. Greer,COL,L,22,1996-12-14,Joliette,QC,CAN,CAN,75,210,2015,COL,2,9,39
612,Aaron Ekblad,FLA,D,23,1996-02-07,Windsor,ON,CAN,CAN,76,215,2014,FLA,1,1,1
393,Adam Clendening,CBJ,D,26,1992-10-26,Niagara Falls,NY,USA,USA,72,196,2011,CHI,2,6,36
75,Adam Cracknell,ANA,R,34,1985-07-15,Prince Albert,SK,CAN,CAN,74,209,2004,CGY,9,21,279
554,Adam Erne,T.B,L,24,1995-04-20,New Haven,CT,USA,USA,73,214,2013,T.B,2,3,33
759,Adam Gaudette,VAN,C,23,1996-10-03,Braintree,MA,USA,USA,73,170,2015,VAN,5,28,149
209,Adam Henrique,ANA,C,29,1990-02-06,Brantford,ON,CAN,CAN,72,188,2008,N.J,3,21,82
872,Adam Johnson,PIT,C,25,1994-06-22,Grand Rapids,MN,USA,USA,72,174,-,-,-,-,-
410,Adam Larsson,EDM,D,26,1992-11-12,Skellefteå,NA,SWE,SWE,75,208,2011,N.J,1,4,4
379,Adam Lowry,WPG,C,26,1993-03-29,St. Louis,MO,USA,USA,77,210,2011,WPG,3,6,67
90,Adam McQuaid,"CBJ, NYR",D,32,1986-10-12,Charlottetown,PE,CAN,CAN,76,210,2005,CBJ,2,25,55
478,Adam Pelech,NYI,D,25,1994-08-16,Toronto,ON,CAN,CAN,75,218,2012,NYI,3,4,65
639,Adrian Kempe,L.A,C,23,1996-09-13,Kramfors,NA,SWE,SWE,74,201,2014,L.A,1,29,29
384,Alan Quine,CGY,C,26,1993-02-25,Belleville,ON,CAN,CAN,72,203,2013,NYI,6,15,166
173,Alec Martinez,L.A,D,32,1987-07-26,Rochester Hills,MI,USA,USA,73,209,2007,L.A,4,4,95
573,Aleksander Barkov,FLA,C,24,1995-09-02,Tampere,NA,FIN,FIN,75,210,2013,FLA,1,2,2
106,Alex Biega,VAN,D,31,1988-04-04,Montreal,QC,CAN,CAN,70,199,2006,BUF,5,24,147
236,Alex Chiasson,EDM,R,29,1990-10-01,Montreal,QC,CAN,CAN,76,208,2009,DAL,2,8,38
784,Alex DeBrincat,CHI,"L, R",21,1997-12-18,Farmington Hills,MI,USA,USA,67,165,2016,CHI,2,9,39
847,Alex Formenton,OTT,L,20,1999-09-13,Barrie,ON,CAN,CAN,74,165,2017,OTT,2,16,47
444,Alex Galchenyuk,ARI,C,25,1994-02-12,Milwaukee,WI,USA,USA,73,207,2012,MTL,1,3,3
67,Alex Goligoski,ARI,D,34,1985-07-30,Grand Rapids,MN,USA,USA,71,185,2004,PIT,2,31,61
859,Alex Iafallo,L.A,L,25,1993-12-21,Eden,NY,USA,USA,72,188,-,-,-,-,-
136,Alex Killorn,T.B,L,30,1989-09-14,Halifax,NS,CAN,CAN,73,197,2007,T.B,3,16,77
56,Alex Ovechkin,WSH,L,34,1985-09-17,Moscow,NA,RUS,RUS,75,236,2004,WSH,1,1,1
313,Alex Petrovic,"EDM, FLA",D,27,1992-03-03,Edmonton,AB,CAN,CAN,76,216,2010,FLA,2,6,36
185,Alex Pietrangelo,STL,D,29,1990-01-18,King City,ON,CAN,CAN,75,210,2008,STL,1,4,4
629,Alex Tuch,VGK,R,23,1996-05-10,Syracuse,NY,USA,USA,76,222,2014,MIN,1,18,18
70,Alexander Edler,VAN,D,33,1986-04-21,Ostersund,NA,SWE,SWE,75,212,2004,VAN,3,26,91
509,Alexander Kerfoot,COL,C,25,1994-08-11,Vancouver,BC,CAN,CAN,70,185,2012,N.J,5,29,150
814,Alexander Nylander,BUF,R,21,1998-03-02,Calgary,AB,CAN,CAN,73,192,2016,BUF,1,8,8
61,Alexander Radulov,DAL,R,33,1986-07-05,Nizhny Tagil,NA,RUS,RUS,73,205,2004,NSH,1,15,15
24,Alexander Steen,STL,L,35,1984-03-01,Winnipeg,MB,CAN,SWE,72,211,2002,TOR,1,24,24
585,Alexander Wennberg,CBJ,C,25,1994-09-22,Stockholm,NA,SWE,SWE,74,197,2013,CBJ,1,14,14
828,Alexandre Fortin,CHI,L,22,1997-02-25,Blainville,QC,CAN,CAN,72,184,-,-,-,-,-
855,Alexandre Texier,CBJ,C,20,1999-09-13,St. Martin D'heres,NA,FRA,FRA,72,187,2017,CBJ,2,14,45
671,Anders Bjork,BOS,L,23,1996-08-05,Mequon,WI,USA,USA,72,190,2014,BOS,5,26,146
278,Anders Lee,NYI,L,29,1990-07-03,Edina,MN,USA,USA,75,231,2009,NYI,6,1,152
548,Andre Burakovsky,WSH,L,24,1995-02-09,Klagenfurt,NA,AUT,SWE,75,201,2013,WSH,1,23,23
494,Andreas Athanasiou,DET,C,25,1994-08-06,London,ON,CAN,CAN,74,188,2012,DET,4,19,110
645,Andreas Englund,OTT,D,23,1996-01-21,Stockholm,NA,SWE,SWE,75,189,2014,OTT,2,10,40
524,Andreas Johnsson,TOR,L,24,1994-11-21,Gävle,NA,SWE,SWE,70,194,2013,TOR,7,21,202
744,Andreas Martinsen,CHI,L,29,1990-06-13,Bærum,NA,NOR,NOR,75,225,-,-,-,-,-
885,Andrei Svechnikov,CAR,R,19,2000-03-26,Barnual,NA,RUS,RUS,74,195,2018,CAR,1,2,2
69,Andrej Sekera,EDM,D,33,1986-06-08,Bojnice,NA,SVK,SVK,72,195,2004,BUF,3,6,71
515,Andrej Sustr,ANA,D,28,1990-11-29,Plzen,NA,CZE,CZE,79,217,-,-,-,-,-
288,Andrew Agozzino,COL,L,28,1991-01-03,Kleinburg,ON,CAN,CAN,70,187,-,-,-,-,-
85,Andrew Cogliano,"ANA, DAL","C, L",32,1987-06-14,Toronto,ON,CAN,CAN,70,175,2005,EDM,1,25,25
545,Andrew Copp,WPG,C,25,1994-07-08,Ann Arbor,MI,USA,USA,73,206,2013,WPG,4,13,104
58,Andrew Ladd,NYI,L,33,1985-12-12,Maple Ridge,BC,CAN,CAN,75,192,2004,CAR,1,4,4
129,Andrew MacDonald,PHI,D,33,1986-09-07,Judique,NS,CAN,CAN,73,204,2006,NYI,6,7,160
681,Andrew Mangiapane,CGY,L,23,1996-04-04,Toronto,ON,CAN,CAN,70,184,2015,CGY,6,15,166
377,Andrew Shaw,MTL,R,28,1991-07-20,Belleville,ON,CAN,CAN,71,182,2011,CHI,5,18,139
103,Andy Greene,N.J,D,36,1982-10-30,Trenton,MI,USA,USA,71,190,-,-,-,-,-
383,Andy Welinski,ANA,D,26,1993-04-27,Duluth,MN,USA,USA,73,201,2011,ANA,3,22,83
721,Anthony Beauvillier,NYI,"C, L",22,1997-06-08,Sorel-Tracy,QC,CAN,CAN,71,182,2015,NYI,1,28,28
347,Anthony Bitetto,"MIN, NSH",D,29,1990-07-15,Island Park,NY,USA,USA,73,210,2010,NSH,6,18,168
740,Anthony Cirelli,T.B,C,22,1997-07-15,Etobicoke,ON,CAN,CAN,72,193,2015,T.B,3,11,72
539,Anthony Duclair,"CBJ, OTT",L,24,1995-08-26,Pointe-Claire,QC,CAN,CAN,71,198,2013,NYR,3,19,80
818,Anthony Greco,FLA,R,26,1993-09-30,Queens,NY,USA,USA,70,176,-,-,-,-,-
591,Anthony Mantha,DET,R,25,1994-09-16,Longueuil,QC,CAN,CAN,77,225,2013,DET,1,20,20
153,Anthony Peluso,CGY,R,30,1989-04-18,North York,ON,CAN,CAN,75,225,2007,STL,6,9,160
696,Anthony Richard,NSH,C,22,1996-12-20,Trois-Rivieres,QC,CAN,CAN,70,163,2015,NSH,4,9,100
227,Antoine Roussel,VAN,L,29,1989-11-21,Roubaix,NA,FRA,FRA,71,199,-,-,-,-,-
522,Anton Blidh,BOS,L,24,1995-03-14,Molnlycke,NA,SWE,SWE,72,201,2013,BOS,6,29,180
670,Anton Lindholm,COL,D,24,1994-11-29,Skellefteå,NA,SWE,SWE,71,191,2014,COL,5,24,144
100,Anton Stralman,T.B,D,33,1986-08-01,Tibro,NA,SWE,SWE,71,186,2005,TOR,7,22,216
897,Antti Suomela,S.J,C,25,1994-03-17,Espoo,NA,FIN,FIN,72,180,-,-,-,-,-
81,Anze Kopitar,L.A,C,32,1987-08-24,Jesenice,NA,SVN,SVN,75,225,2005,L.A,1,11,11
128,Artem Anisimov,CHI,C,31,1988-05-24,Yaroslavl,NA,RUS,RUS,76,199,2006,NYR,2,24,54
743,Artemi Panarin,CBJ,L,27,1991-10-30,Korkino,NA,RUS,RUS,71,170,-,-,-,-,-
567,Artturi Lehkonen,MTL,L,24,1995-07-04,Piikkio,NA,FIN,FIN,72,176,2013,MTL,2,25,55
514,Ashton Sautner,VAN,D,25,1994-05-27,Flin Flon,MB,CAN,CAN,73,195,-,-,-,-,-
739,Austin Czarnik,CGY,C,26,1992-12-12,Detroit,MI,USA,USA,69,170,-,-,-,-,-
717,Austin Wagner,L.A,L,22,1997-06-23,Calgary,AB,CAN,CAN,73,185,2015,L.A,4,8,99
320,Austin Watson,NSH,L,27,1992-01-13,Ann Arbor,MI,USA,USA,76,204,2010,NSH,1,18,18
777,Auston Matthews,TOR,C,22,1997-09-17,San Ramon,CA,USA,USA,75,220,2016,TOR,1,1,1
435,Barclay Goodrow,S.J,R,26,1993-02-26,Toronto,ON,CAN,CAN,74,215,-,-,-,-,-
276,Ben Chiarot,WPG,D,28,1991-05-09,Hamilton,ON,CAN,CAN,75,225,2009,ATL,4,29,120
812,Ben Gleason,DAL,D,21,1998-03-25,Ortonville,MI,USA,USA,73,185,-,-,-,-,-
546,Ben Harpur,OTT,D,24,1995-01-12,Hamilton,ON,CAN,CAN,78,231,2013,OTT,4,17,108
508,Ben Hutton,VAN,D,26,1993-04-20,Brockville,ON,CAN,CAN,74,206,2012,VAN,5,26,147
135,Ben Lovejoy,"DAL, N.J",D,35,1984-02-20,Concord,NH,USA,USA,73,205,-,-,-,-,-
354,Ben Street,ANA,C,32,1987-02-13,Coquitlam,BC,CAN,CAN,71,190,-,-,-,-,-
382,Blake Coleman,N.J,C,27,1991-11-28,Plano,TX,USA,USA,71,200,2011,N.J,3,14,75
64,Blake Comeau,DAL,L,33,1986-02-18,Meadow Lake,SK,CAN,CAN,73,200,2004,NYI,2,17,47
905,Blake Lizotte,L.A,C,21,1997-12-13,Lindstrom,MN,USA,USA,67,172,-,-,-,-,-
374,Blake Pietila,N.J,L,26,1993-02-20,Milford,MI,USA,USA,71,200,2011,N.J,5,8,129
59,Blake Wheeler,WPG,R,33,1986-08-31,Plymouth,MN,USA,USA,77,225,2004,PHX,1,5,5
580,Bo Horvat,VAN,C,24,1995-04-05,London,ON,CAN,CAN,72,215,2013,VAN,1,9,9
79,Bobby Ryan,OTT,R,32,1987-03-17,Cherry Hill,NJ,USA,USA,74,208,2005,ANA,1,2,2
896,Bogdan Kiselevich,FLA,D,29,1990-02-14,Cherepovets,NA,RUS,RUS,72,202,-,-,-,-,-
482,Boo Nieves,NYR,C,25,1994-01-23,Syracuse,NY,USA,USA,75,214,2012,NYR,2,29,59
394,Boone Jenner,CBJ,C,26,1993-06-15,Dorchester,ON,CAN,CAN,74,208,2011,CBJ,2,7,37
436,Brad Hunt,"MIN, VGK",D,31,1988-08-24,Maple Ridge,BC,CAN,CAN,69,176,-,-,-,-,-
157,Brad Malone,EDM,C,30,1989-05-20,Miramichi,NB,CAN,CAN,73,217,2007,COL,4,14,105
107,Brad Marchand,BOS,L,31,1988-05-11,Halifax,NS,CAN,CAN,69,181,2006,BOS,3,8,71
49,Brad Richardson,ARI,C,34,1985-02-04,Belleville,ON,CAN,CAN,72,190,2003,COL,5,27,163
902,Brady Keeper,FLA,D,23,1996-06-05,Cross Lake,MB,CAN,CAN,74,209,-,-,-,-,-
451,Brady Skjei,NYR,D,25,1994-03-26,Lakeville,MN,USA,USA,75,210,2012,NYR,1,28,28
880,Brady Tkachuk,OTT,L,20,1999-09-16,Scottsdale,AZ,USA,USA,75,196,2018,OTT,1,4,4
711,Brandon Carlo,BOS,D,22,1996-11-26,Colorado Springs,CO,USA,USA,77,212,2015,BOS,2,7,37
348,Brandon Davidson,CHI,D,28,1991-08-21,Taber,AB,CAN,CAN,74,208,2010,EDM,6,12,162
66,Brandon Dubinsky,CBJ,C,33,1986-04-29,Anchorage,AK,USA,USA,74,208,2004,NYR,2,30,60
781,Brandon Gignac,N.J,C,21,1997-11-07,Repentigny,QC,CAN,CAN,71,170,2016,N.J,3,19,80
286,Brandon Manning,"CHI, EDM",D,29,1990-06-04,Prince George,BC,CAN,CAN,73,205,-,-,-,-,-
649,Brandon Montour,"ANA, BUF",D,25,1994-04-11,Brantford,ON,CAN,CAN,72,193,2014,ANA,2,25,55
258,Brandon Pirri,VGK,C,28,1991-04-10,Toronto,ON,CAN,CAN,72,186,2009,CHI,2,29,59
397,Brandon Saad,CHI,L,26,1992-10-27,Pittsburgh,PA,USA,USA,73,206,2011,CHI,2,13,43
159,Brandon Sutter,VAN,C,30,1989-02-14,Huntington,NY,USA,CAN,75,190,2007,CAR,1,11,11
773,Brandon Tanev,WPG,L,27,1991-12-31,Toronto,ON,CAN,CAN,72,180,-,-,-,-,-
253,Brayden McNabb,VGK,D,28,1991-01-21,Davidson,SK,CAN,CAN,76,212,2009,BUF,3,5,66
655,Brayden Point,T.B,C,23,1996-03-13,Calgary,AB,CAN,CAN,70,166,2014,T.B,3,19,79
242,Brayden Schenn,STL,C,28,1991-08-22,Saskatoon,SK,CAN,CAN,73,200,2009,L.A,1,5,5
31,Braydon Coburn,T.B,D,34,1985-02-27,Shaunavon,SK,CAN,CAN,77,223,2003,ATL,1,8,8
344,Brendan Gallagher,MTL,R,27,1992-05-06,Edmonton,AB,CAN,CAN,69,184,2010,MTL,5,27,147
450,Brendan Gaunce,VAN,C,25,1994-03-25,Sudbury,ON,CAN,CAN,74,217,2012,VAN,1,26,26
704,Brendan Guhle,"ANA, BUF",D,22,1997-07-29,Edmonton,AB,CAN,CAN,74,197,2015,BUF,2,21,51
470,Brendan Leipsic,"L.A, VAN",L,25,1994-05-19,Winnipeg,MB,CAN,CAN,70,180,2012,NSH,3,28,89
641,Brendan Lemieux,"NYR, WPG",L,23,1996-03-15,Denver,CO,USA,USA,73,213,2014,BUF,2,1,31
623,Brendan Perlini,"ARI, CHI",L,23,1996-04-27,Guildford,NA,GBR,GBR,75,211,2014,ARI,1,12,12
158,Brendan Smith,NYR,D,30,1989-02-08,Mimico,ON,CAN,CAN,74,200,2007,DET,1,27,27
287,Brenden Dillon,S.J,D,28,1990-11-13,New Westminster,BC,CAN,CAN,76,225,-,-,-,-,-
39,Brent Burns,S.J,D,34,1985-03-09,Barrie,ON,CAN,CAN,77,230,2003,MIN,1,20,20
35,Brent Seabrook,CHI,D,34,1985-04-20,Richmond,BC,CAN,CAN,75,220,2003,CHI,1,14,14
328,Brett Connolly,WSH,R,27,1992-05-02,Campbell River,BC,CAN,CAN,75,192,2010,T.B,1,6,6
791,Brett Howden,NYR,C,21,1998-03-29,Calgary,AB,CAN,CAN,74,197,2016,T.B,1,27,27
496,Brett Kulak,MTL,D,25,1994-01-06,Edmonton,AB,CAN,CAN,74,190,2012,CGY,4,14,105
571,Brett Pesce,CAR,D,24,1994-11-15,Tarrytown,NY,USA,USA,75,206,2013,CAR,3,5,66
398,Brett Ritchie,DAL,R,26,1993-07-01,Orangeville,ON,CAN,CAN,75,220,2011,DAL,2,14,44
760,Brett Seney,N.J,L,23,1996-02-28,London,ON,CAN,CAN,69,156,2015,N.J,6,6,157
41,Brian Boyle,"N.J, NSH",C,34,1984-12-18,Hingham,MA,USA,USA,78,245,2003,L.A,1,26,26
260,Brian Dumoulin,PIT,D,28,1991-09-06,Biddeford,ME,USA,USA,76,207,2009,CAR,2,21,51
359,Brian Gibbons,"ANA, OTT","C, L",31,1988-02-26,Braintree,MA,USA,USA,68,175,-,-,-,-,-
229,Brian Lashoff,DET,D,29,1990-07-16,Albany,NY,USA,USA,75,219,-,-,-,-,-
712,Brock Boeser,VAN,R,22,1997-02-25,Burnsville,MN,USA,USA,73,208,2015,VAN,1,23,23
488,Brock McGinn,CAR,L,25,1994-02-02,Fergus,ON,CAN,CAN,72,187,2012,CAR,2,17,47
312,Brock Nelson,NYI,C,27,1991-10-15,Warroad,MN,USA,USA,75,212,2010,NYI,1,30,30
904,Brogan Rafferty,VAN,D,24,1995-05-28,WEST DUNDEE,IL,USA,USA,72,195,-,-,-,-,-
7,Brooks Orpik,WSH,D,39,1980-09-26,San Francisco,CA,USA,USA,75,217,2000,PIT,1,18,18
105,Bryan Little,WPG,C,31,1987-11-12,Edmonton,AB,CAN,CAN,72,191,2006,ATL,1,12,12
337,Bryan Rust,PIT,R,27,1992-05-11,Pontiac,MI,USA,USA,71,192,2010,PIT,3,20,80
858,C.J. Smith,BUF,L,24,1994-12-01,Des Moines,IA,USA,USA,71,181,-,-,-,-,-
117,Cal Clutterbuck,NYI,R,31,1987-11-18,Welland,ON,CAN,CAN,71,216,2006,MIN,3,9,72
715,Caleb Jones,EDM,D,22,1997-06-06,Arlington,TX,USA,USA,73,194,2015,EDM,4,26,117
294,Calle Jarnkrok,NSH,C,28,1991-09-25,Gävle,NA,SWE,SWE,71,186,2010,DET,2,21,51
864,Calle Rosen,TOR,D,25,1994-02-02,Vaxjo,NA,SWE,SWE,73,186,-,-,-,-,-
247,Calvin de Haan,CAR,D,28,1991-05-09,Carp,ON,CAN,CAN,73,195,2009,NYI,1,12,12
219,Cam Atkinson,CBJ,R,30,1989-06-05,Riverside,CT,USA,USA,68,175,2008,CBJ,6,6,157
318,Cam Fowler,ANA,D,27,1991-12-05,Windsor,ON,CAN,USA,73,207,2010,ANA,1,12,12
203,Cameron Gaunce,T.B,D,29,1990-03-19,Sudbury,ON,CAN,CAN,74,204,2008,COL,2,20,50
438,Cameron Schilling,WPG,D,30,1988-10-07,Carmel,IN,USA,USA,74,182,-,-,-,-,-
564,Carl Dahlstrom,CHI,D,24,1995-01-28,Stockholm,NA,SWE,SWE,76,231,2013,CHI,2,21,51
783,Carl Grundstrom,L.A,R,21,1997-12-01,Umea,NA,SWE,SWE,72,201,2016,TOR,2,27,57
162,Carl Gunnarsson,STL,D,32,1986-11-09,Orebro,NA,SWE,SWE,74,198,2007,TOR,7,13,194
174,Carl Hagelin,"L.A, PIT, WSH",L,31,1988-08-23,Sodertalje,NA,SWE,SWE,71,185,2007,NYR,6,17,168
65,Carl Soderberg,COL,C,33,1985-10-12,Malmö,NA,SWE,SWE,75,210,2004,STL,2,19,49
519,Carter Rowney,ANA,"C, R",30,1989-05-10,Grand Prairie,AB,CAN,CAN,74,208,-,-,-,-,-
267,Casey Cizikas,NYI,C,28,1991-02-27,Toronto,ON,CAN,CAN,71,195,2009,NYI,4,1,92
840,Casey Mittelstadt,BUF,C,20,1998-11-22,Edina,MN,USA,USA,73,202,2017,BUF,1,8,8
770,Casey Nelson,BUF,D,27,1992-07-18,Wisconsin Rapids,WI,USA,USA,73,185,-,-,-,-,-
498,Cedric Paquette,T.B,C,26,1993-08-13,Gaspe,QC,CAN,CAN,73,204,2012,T.B,4,10,101
520,Chad Ruhwedel,PIT,D,29,1990-05-07,San Diego,CA,USA,USA,71,191,-,-,-,-,-
473,Chandler Stephenson,WSH,C,25,1994-04-22,Saskatoon,SK,CAN,CAN,72,208,2012,WSH,3,16,77
490,Charles Hudon,MTL,L,25,1994-06-23,Alma,QC,CAN,CAN,70,190,2012,MTL,5,1,122
307,Charlie Coyle,"BOS, MIN",C,27,1992-03-02,E. Weymouth,MA,USA,USA,75,220,2010,S.J,1,28,28
780,Charlie McAvoy,BOS,D,21,1997-12-21,Long Beach,NY,USA,USA,72,208,2016,BOS,1,14,14
660,Chase De Leo,ANA,C,23,1995-10-25,La Mirada,CA,USA,USA,69,186,2014,WPG,4,9,99
95,Chris Butler,STL,D,32,1986-10-27,St. Louis,MO,USA,USA,73,196,2005,BUF,4,5,96
251,Chris Kreider,NYR,L,28,1991-04-30,Boxford,MA,USA,USA,75,217,2009,NYR,1,19,19
27,Chris Kunitz,CHI,L,40,1979-09-26,Regina,SK,CAN,CAN,72,188,-,-,-,-,-
16,Chris Thorburn,STL,R,36,1983-06-03,Sault Ste. Marie,ON,CAN,CAN,75,235,2001,BUF,2,20,50
480,Chris Tierney,OTT,C,25,1994-07-01,Keswick,ON,CAN,CAN,73,195,2012,S.J,2,25,55
323,Chris Wagner,BOS,R,28,1991-05-27,Walpole,MA,USA,USA,72,198,2010,ANA,5,2,122
266,Chris Wideman,"EDM, FLA, OTT",D,29,1990-01-07,St. Louis,MO,USA,USA,70,190,2009,OTT,4,9,100
511,Christian Djoos,WSH,D,25,1994-08-06,Gothenburg,NA,SWE,SWE,72,180,2012,WSH,7,14,195
651,Christian Dvorak,ARI,C,23,1996-02-02,Palos,IL,USA,USA,72,195,2014,ARI,2,28,58
707,Christian Fischer,ARI,R,22,1997-04-15,Chicago,IL,USA,USA,74,214,2015,ARI,2,2,32
603,Christian Folin,"MTL, PHI",D,28,1991-02-09,Gothenburg,NA,SWE,SWE,75,204,-,-,-,-,-
756,Christian Jaros,OTT,D,23,1996-04-02,Kosice,NA,SVK,SVK,75,201,2015,OTT,5,18,139
753,Christian Wolanin,OTT,D,24,1995-03-17,Quebec City,QC,CAN,CAN,74,185,2015,OTT,4,16,107
662,Christoffer Ehn,DET,C,23,1996-04-05,Skara,NA,SWE,SWE,75,181,2014,DET,4,16,106
292,Christopher Tanev,VAN,D,29,1989-12-20,Toronto,ON,CAN,CAN,74,197,-,-,-,-,-
668,Clark Bishop,CAR,C,23,1996-03-29,St. John's,NL,CAN,CAN,72,199,2014,CAR,5,7,127
119,Claude Giroux,PHI,C,31,1988-01-12,Hearst,ON,CAN,CAN,71,185,2006,PHI,1,22,22
786,Clayton Keller,ARI,C,21,1998-07-29,Chesterfield,MO,USA,USA,70,170,2016,ARI,1,7,7
459,Cody Ceci,OTT,D,25,1993-12-21,Ottawa,ON,CAN,CAN,74,210,2012,OTT,1,15,15
270,Cody Eakin,VGK,C,28,1991-05-24,Winnipeg,MB,CAN,CAN,72,190,2009,WSH,3,24,85
199,Cody Goloubef,OTT,D,29,1989-11-30,Mississauga,ON,CAN,CAN,73,190,2008,CBJ,2,7,37
76,Cody McLeod,"NSH, NYR",L,35,1984-06-26,Binscarth,MB,CAN,CAN,74,204,-,-,-,-,-
595,Colby Cave,"BOS, EDM",C,24,1994-12-26,Battleford,SK,CAN,CAN,73,200,-,-,-,-,-
360,Colin Blackwell,NSH,C,26,1993-03-28,Lawrence,MA,USA,USA,69,190,2011,S.J,7,13,193
431,Colin Miller,VGK,D,26,1992-10-29,Sault Ste. Marie,ON,CAN,CAN,73,196,2012,L.A,5,30,151
690,Colin White,OTT,C,22,1997-01-30,Boston,MA,USA,USA,72,191,2015,OTT,1,21,21
188,Colin Wilson,COL,C,29,1989-10-20,Greenwich,CT,USA,USA,73,215,2008,NSH,1,7,7
469,Colton Parayko,STL,D,26,1993-05-12,St. Albert,AB,CAN,CAN,78,230,2012,STL,3,25,86
160,Colton Sceviour,FLA,C,30,1989-04-20,Red Deer,AB,CAN,CAN,72,190,2007,DAL,4,21,112
485,Colton Sissons,NSH,C,25,1993-11-05,North Vancouver,BC,CAN,CAN,73,200,2012,NSH,2,20,50
750,Colton White,N.J,D,22,1997-05-03,London,ON,CAN,CAN,73,185,2015,N.J,4,6,97
304,Connor Brickley,NYR,L,27,1992-02-25,Everett,MA,USA,USA,72,203,2010,FLA,2,20,50
507,Connor Brown,TOR,R,25,1994-01-14,Toronto,ON,CAN,CAN,72,186,2012,TOR,6,5,156
489,Connor Carrick,"DAL, N.J",D,25,1994-04-13,Orland Park,IL,USA,USA,70,192,2012,WSH,5,16,137
530,Connor Clifton,BOS,D,24,1995-04-28,Long Branch,NJ,USA,USA,71,175,2013,PHX,5,12,133
692,Connor McDavid,EDM,C,22,1997-01-13,Richmond Hill,ON,CAN,CAN,73,193,2015,EDM,1,1,1
424,Connor Murphy,CHI,D,26,1993-03-26,Dublin,OH,USA,USA,76,212,2011,PHX,1,20,20
754,Conor Garland,ARI,R,23,1996-03-11,Scituate,MA,USA,USA,70,165,2015,ARI,5,2,123
600,Conor Sheary,BUF,L,27,1992-06-08,Winchester,MA,USA,USA,68,176,-,-,-,-,-
710,Cooper Marody,EDM,C,22,1996-12-20,Brighton,MI,USA,USA,72,184,2015,PHI,6,7,158
273,Corban Knight,PHI,C,29,1990-09-10,Oliver,BC,CAN,CAN,74,195,2009,FLA,5,14,135
42,Corey Perry,ANA,R,34,1985-05-16,Peterborough,ON,CAN,CAN,75,205,2003,ANA,1,28,28
358,Cory Conacher,T.B,C,29,1989-12-14,Burlington,ON,CAN,CAN,68,180,-,-,-,-,-
265,Craig Smith,NSH,R,30,1989-09-05,Madison,WI,USA,USA,73,208,2009,NSH,4,7,98
588,Curtis Lazar,CGY,C,24,1995-02-02,Salmon Arm,BC,CAN,CAN,72,205,2013,OTT,1,17,17
596,Dakota Mermis,ARI,D,25,1994-01-05,Alton,IL,USA,USA,72,195,-,-,-,-,-
211,Dale Weise,"MTL, PHI",R,31,1988-08-05,Winnipeg,MB,CAN,CAN,74,196,2008,NYR,4,20,111
225,Dalton Prout,CGY,D,29,1990-03-13,Kingsville,ON,CAN,CAN,75,215,2010,CBJ,6,4,154
483,Damon Severson,N.J,D,25,1994-08-07,Melville,SK,CAN,CAN,74,205,2012,N.J,2,30,60
102,Dan Girardi,T.B,D,35,1984-04-29,Welland,ON,CAN,CAN,73,212,-,-,-,-,-
15,Dan Hamhuis,NSH,D,36,1982-12-13,Smithers,BC,CAN,CAN,73,204,2001,NSH,1,12,12
683,Danick Martel,T.B,L,24,1994-12-12,Drummondville,QC,CAN,CAN,68,184,-,-,-,-,-
876,Daniel Brickley,L.A,D,24,1995-03-30,SANDY,UT,USA,USA,75,203,-,-,-,-,-
606,Daniel Carr,VGK,L,27,1991-11-01,Sherwood Park,AB,CAN,CAN,72,193,-,-,-,-,-
723,Daniel Sprong,"ANA, PIT",R,22,1997-03-17,Amsterdam,NA,NLD,NLD,72,191,2015,PIT,2,16,46
517,Danny DeKeyser,DET,D,29,1990-03-07,Detroit,MI,USA,USA,75,192,-,-,-,-,-
501,Danny O'Regan,BUF,C,25,1994-01-30,Berlin,NA,DEU,USA,70,180,2012,S.J,5,17,138
797,Dante Fabbro,NSH,D,21,1998-06-20,Coquitlam,BC,CAN,CAN,72,189,2016,NSH,1,17,17
665,Danton Heinen,BOS,C,24,1995-07-05,Langley,BC,CAN,CAN,73,188,2014,BOS,4,26,116
578,Darnell Nurse,EDM,D,24,1995-02-04,Hamilton,ON,CAN,CAN,76,221,2013,EDM,1,7,7
285,Darren Archibald,"OTT, VAN",R,29,1990-02-09,Newmarket,ON,CAN,CAN,75,210,-,-,-,-,-
98,Darren Helm,DET,L,32,1987-01-21,St. Andrews,MB,CAN,CAN,72,196,2005,DET,5,7,132
47,David Backes,BOS,R,35,1984-05-01,Minneapolis,MN,USA,USA,75,215,2003,STL,2,32,62
861,David Kampf,CHI,C,24,1995-01-12,Chomutov,NA,CZE,CZE,74,188,-,-,-,-,-
68,David Krejci,BOS,C,33,1986-04-28,Sternberk,NA,CZE,CZE,72,188,2004,BOS,2,33,63
635,David Pastrnak,BOS,R,23,1996-05-25,Havirov,NA,CZE,CZE,72,194,2014,BOS,1,25,25
161,David Perron,STL,L,31,1988-05-28,Sherbrooke,QC,CAN,CAN,72,200,2007,STL,1,26,26
268,David Savard,CBJ,D,28,1990-10-22,St. Hyacinthe,QC,CAN,CAN,74,229,2009,CBJ,4,3,94
133,David Schlemko,MTL,D,32,1987-05-07,Edmonton,AB,CAN,CAN,73,191,-,-,-,-,-
745,Dean Kukan,CBJ,D,26,1993-07-08,Volketswil,NA,CHE,CHE,74,192,-,-,-,-,-
734,Denis Gurianov,DAL,R,22,1997-06-07,Togliatti,NA,RUS,RUS,75,200,2015,DAL,1,12,12
751,Denis Malgin,FLA,C,22,1997-01-18,Olten,NA,CHE,CHE,69,177,2015,FLA,4,11,102
802,Dennis Cholowski,DET,D,21,1998-02-15,Langley,BC,CAN,CAN,72,195,2016,DET,1,20,20
737,Dennis Gilbert,CHI,D,22,1996-10-30,Buffalo,NY,USA,USA,74,216,2015,CHI,3,30,91
316,Derek Forbort,L.A,D,27,1992-03-04,Duluth,MN,USA,USA,76,219,2010,L.A,1,15,15
214,Derek Grant,"ANA, PIT",C,29,1990-04-20,Abbotsford,BC,CAN,CAN,75,206,2008,OTT,4,28,119
5,Derek MacKenzie,FLA,C,38,1981-06-11,Sudbury,ON,CAN,CAN,71,177,1999,ATL,5,2,128
747,Derek Ryan,CGY,C,32,1986-12-29,Spokane,WA,USA,USA,71,185,-,-,-,-,-
205,Derek Stepan,ARI,C,29,1990-06-18,Hastings,MN,USA,USA,72,196,2008,NYR,2,21,51
122,Derick Brassard,"COL, FLA, PIT",C,32,1987-09-22,Hull,QC,CAN,CAN,73,202,2006,CBJ,1,6,6
463,Derrick Pouliot,VAN,D,25,1994-01-16,Estevan,SK,CAN,CAN,72,196,2012,PIT,1,8,8
11,Deryk Engelland,VGK,D,37,1982-04-03,Edmonton,AB,CAN,CAN,74,214,2000,N.J,6,27,194
314,Devante Smith-Pelly,WSH,R,27,1992-06-14,Scarborough,ON,CAN,CAN,72,223,2010,ANA,2,12,42
476,Devin Shore,"ANA, DAL",C,25,1994-07-19,Ajax,ON,CAN,CAN,72,206,2012,DAL,2,31,61
663,Devon Toews,NYI,D,25,1994-02-21,Abbotsford,BC,CAN,CAN,73,191,2014,NYI,4,18,108
789,Dillon Dube,CGY,C,21,1998-07-20,Golden,AB,CAN,CAN,71,187,2016,CGY,2,26,56
563,Dillon Heatherington,DAL,D,24,1995-05-09,Calgary,AB,CAN,CAN,76,225,2013,CBJ,2,20,50
32,Dion Phaneuf,L.A,D,34,1985-04-10,Edmonton,AB,CAN,CAN,75,222,2003,CGY,1,9,9
395,Dmitrij Jaskin,WSH,R,26,1993-03-23,Omsk,NA,RUS,CZE,74,216,2011,STL,2,11,41
249,Dmitry Kulikov,WPG,D,28,1990-10-29,Lipetsk,NA,RUS,RUS,73,204,2009,FLA,1,14,14
257,Dmitry Orlov,WSH,D,28,1991-07-23,Novokuznetsk,NA,RUS,RUS,71,208,2009,WSH,2,25,55
491,Dominic Toninato,COL,C,25,1994-03-09,Duluth,MN,USA,USA,74,191,2012,TOR,5,5,126
652,Dominic Turgeon,DET,C,23,1996-02-25,Pointe-Claire,QC,CAN,CAN,74,200,2014,DET,3,3,63
892,Dominik Kahun,CHI,C,24,1995-07-02,Plana,NA,CZE,DEU,71,175,-,-,-,-,-
755,Dominik Simon,PIT,C,25,1994-08-08,Prague,NA,CZE,CZE,71,190,2015,PIT,5,16,137
415,Dougie Hamilton,CAR,D,26,1993-06-17,Toronto,ON,CAN,CAN,78,229,2011,BOS,1,9,9
868,Drake Batherson,OTT,R,21,1998-04-27,Fort Wayne,IN,USA,USA,73,206,2017,OTT,4,28,121
820,Drake Caggiula,"CHI, EDM","C, L",25,1994-06-20,Pickering,ON,CAN,CAN,70,176,-,-,-,-,-
183,Drew Doughty,L.A,D,29,1989-12-08,London,ON,CAN,CAN,73,202,2008,L.A,1,2,2
60,Drew Stafford,N.J,R,33,1985-10-30,Milwaukee,WI,USA,USA,74,215,2004,BUF,1,13,13
680,Dryden Hunt,FLA,L,23,1995-11-24,Cranbrook,BC,CAN,CAN,72,193,-,-,-,-,-
25,Duncan Keith,CHI,D,36,1983-07-16,Winnipeg,MB,CAN,CAN,73,192,2002,CHI,2,24,54
34,Dustin Brown,L.A,R,34,1984-11-04,Ithaca,NY,USA,USA,72,210,2003,L.A,1,13,13
54,Dustin Byfuglien,WPG,D,34,1985-03-27,Roseau,MN,USA,USA,77,260,2003,CHI,8,16,245
370,Dylan DeMelo,OTT,D,26,1993-05-01,London,ON,CAN,CAN,73,191,2011,S.J,6,28,179
826,Dylan Gambrell,S.J,C,23,1996-08-26,Bonney Lake,WA,USA,USA,72,185,2016,S.J,2,30,60
626,Dylan Larkin,DET,C,23,1996-07-30,Waterford,MI,USA,USA,73,198,2014,DET,1,15,15
331,Dylan McIlrath,DET,D,27,1992-04-20,Winnipeg,MB,CAN,CAN,77,236,2010,NYR,1,10,10
675,Dylan Sikura,CHI,R,24,1995-06-01,Aurora,ON,CAN,CAN,71,166,2014,CHI,6,28,178
709,Dylan Strome,"ARI, CHI",C,22,1997-03-07,Mississauga,ON,CAN,CAN,75,200,2015,ARI,1,3,3
844,Eeli Tolvanen,NSH,R,20,1999-04-22,Vihti,NA,FIN,FIN,70,191,2017,NSH,1,30,30
893,Egor Yakovlev,N.J,D,28,1991-09-17,Magnitogorsk,NA,RUS,RUS,72,190,-,-,-,-,-
576,Elias Lindholm,CGY,C,24,1994-12-02,Boden,NA,SWE,SWE,73,195,2013,CAR,1,5,5
845,Elias Pettersson,VAN,C,20,1998-11-12,Sundsvall,NA,SWE,SWE,74,176,2017,VAN,1,5,5
37,Eric Fehr,MIN,C,34,1985-09-07,Winkler,MB,CAN,CAN,76,209,2003,WSH,1,18,18
114,Eric Gryba,N.J,D,31,1988-04-14,Saskatoon,SK,CAN,CAN,76,222,2006,OTT,3,5,68
874,Eric Robinson,CBJ,L,24,1995-06-14,BELLMAWR,NJ,USA,USA,74,197,-,-,-,-,-
28,Eric Staal,MIN,C,34,1984-10-29,Thunder Bay,ON,CAN,CAN,76,206,2003,CAR,1,2,2
144,Eric Tangradi,N.J,L,30,1989-02-10,Philadelphia,PA,USA,USA,76,226,2007,ANA,2,12,42
854,Erik Brannstrom,OTT,D,20,1999-09-02,Eksjo,NA,SWE,SWE,70,181,2017,VGK,1,15,15
353,Erik Burgdoerfer,OTT,D,30,1988-12-11,Abington,PA,USA,USA,73,207,-,-,-,-,-
700,Erik Cernak,T.B,D,22,1997-05-28,Kosice,NA,SVK,SVK,75,233,2015,L.A,2,13,43
130,Erik Condra,DAL,R,33,1986-08-06,Trenton,MI,USA,USA,71,185,2006,OTT,7,28,211
326,Erik Gudbranson,"PIT, VAN",D,27,1992-01-07,Ottawa,ON,CAN,CAN,77,217,2010,FLA,1,3,3
499,Erik Gustafsson,CHI,D,27,1992-03-14,Nynashamn,NA,SWE,SWE,72,197,2012,EDM,4,2,93
277,Erik Haula,VGK,"C, L",28,1991-03-23,Pori,NA,FIN,FIN,72,193,2009,MIN,7,1,182
109,Erik Johnson,COL,D,31,1988-03-21,Bloomington,MN,USA,USA,76,225,2006,STL,1,1,1
192,Erik Karlsson,S.J,D,29,1990-05-31,Landsbro,NA,SWE,SWE,72,190,2008,OTT,1,15,15
472,Esa Lindell,DAL,D,25,1994-05-23,Vantaa,NA,FIN,FIN,75,215,2012,DAL,3,13,74
881,Evan Bouchard,EDM,D,19,1999-10-20,Oakville,ON,CAN,CAN,74,194,2018,EDM,1,10,10
742,Evan Rodrigues,BUF,L,26,1993-07-28,Toronto,ON,CAN,CAN,71,176,-,-,-,-,-
241,Evander Kane,S.J,L,28,1991-08-02,Vancouver,BC,CAN,CAN,74,210,2009,ATL,1,4,4
57,Evgeni Malkin,PIT,C,33,1986-07-31,Magnitogorsk,NA,RUS,RUS,75,195,2004,PIT,1,2,2
167,Evgenii Dadonov,FLA,R,30,1989-03-12,Chelyabinsk,NA,RUS,RUS,71,185,2007,FLA,3,10,71
306,Evgeny Kuznetsov,WSH,C,27,1992-05-19,Chelyabinsk,NA,RUS,RUS,74,197,2010,WSH,1,26,26
731,Filip Chlapik,OTT,C,22,1997-06-03,Prague,NA,CZE,CZE,73,194,2015,OTT,2,18,48
856,Filip Chytil,NYR,C,20,1999-09-05,Kromeriz,NA,CZE,CZE,74,206,2017,NYR,1,21,21
466,Filip Forsberg,NSH,L,25,1994-08-13,Ostervala,NA,SWE,SWE,73,205,2012,WSH,1,11,11
815,Filip Hronek,DET,D,21,1997-11-02,Hradec Králové,NA,CZE,CZE,72,170,2016,DET,2,23,53
883,Filip Zadina,DET,R,19,1999-11-27,Pardubice,NA,CZE,CZE,72,195,2018,DET,1,6,6
684,Frank Vatrano,FLA,C,25,1994-03-14,East Longmeadow,MA,USA,USA,69,197,-,-,-,-,-
21,Frans Nielsen,DET,C,35,1984-04-24,Herning,NA,DNK,DNK,73,188,2002,NYI,3,24,87
608,Frederick Gaudreau,NSH,C,26,1993-05-01,Bromont,QC,CAN,CAN,72,179,-,-,-,-,-
592,Frederik Gauthier,TOR,C,24,1995-04-26,Laval,QC,CAN,CAN,77,239,2013,TOR,1,21,21
373,Fredrik Claesson,NYR,D,26,1992-11-24,Stockholm,NA,SWE,SWE,73,196,2011,OTT,5,5,126
275,Gabriel Bourque,COL,L,29,1990-09-23,Rimouski,QC,CAN,CAN,70,206,2009,NSH,5,11,132
738,Gabriel Carlsson,CBJ,D,22,1997-01-02,Orebro,NA,SWE,SWE,77,192,2015,CBJ,1,29,29
408,Gabriel Landeskog,COL,L,26,1992-11-23,Stockholm,NA,SWE,SWE,73,215,2011,COL,1,2,2
607,Garnet Hathaway,CGY,R,27,1991-11-23,Kennebunkport,ME,USA,USA,74,210,-,-,-,-,-
272,Garrett Wilson,PIT,L,28,1991-03-16,Barrie,ON,CAN,CAN,74,218,2009,FLA,4,16,107
832,Gavin Bayreuther,DAL,D,25,1994-05-12,Canaan,NH,USA,USA,73,195,-,-,-,-,-
495,Gemel Smith,"BOS, DAL",C,25,1994-04-16,Toronto,ON,CAN,CAN,70,196,2012,DAL,4,13,104
303,Greg McKegg,CAR,C,27,1992-06-17,St. Thomas,ON,CAN,CAN,72,192,2010,TOR,3,2,62
216,Greg Pateryn,MIN,D,29,1990-06-20,Sterling Heights,MI,USA,USA,75,220,2008,TOR,5,7,128
722,Guillaume Brisebois,VAN,D,22,1997-07-21,Longueuil,QC,CAN,CAN,74,175,2015,VAN,3,5,66
667,Gustav Forsling,CHI,D,23,1996-06-12,Linkoping,NA,SWE,SWE,72,186,2014,VAN,5,6,126
213,Gustav Nyquist,"DET, S.J","C, R",30,1989-09-01,Halmstad,NA,SWE,SWE,71,179,2008,DET,4,30,121
446,Hampus Lindholm,ANA,D,25,1994-01-20,Helsingborg,NA,SWE,SWE,75,208,2012,ANA,1,6,6
618,Haydn Fleury,CAR,D,23,1996-07-08,Carlyle,SK,CAN,CAN,75,208,2014,CAR,1,7,7
849,Henri Jokiharju,CHI,D,20,1999-06-17,Oulu,NA,FIN,FIN,72,193,2017,CHI,1,29,29
806,Henrik Borgstrom,FLA,C,22,1997-08-06,Helsinki,NA,FIN,FIN,75,199,2016,FLA,1,23,23
143,Ian Cole,COL,D,30,1989-02-21,Ann Arbor,MI,USA,USA,73,225,2007,STL,1,18,18
553,Ian McCoshen,FLA,D,24,1995-08-05,Anaheim,CA,USA,USA,75,210,2013,FLA,2,1,31
889,Igor Ozhiganov,TOR,D,26,1992-10-13,Krasnogorsk,NA,RUS,RUS,74,210,-,-,-,-,-
12,Ilya Kovalchuk,L.A,L,36,1983-04-15,Tver,NA,RUS,RUS,75,222,2001,ATL,1,1,1
894,Ilya Lyubushkin,ARI,D,25,1994-04-06,Moscow,NA,RUS,RUS,74,201,-,-,-,-,-
882,Isac Lundestrom,ANA,C,19,1999-11-06,Gallivare,NA,SWE,SWE,72,187,2018,ANA,1,23,23
643,Ivan Barbashev,STL,C,23,1995-12-14,Moscow,NA,RUS,RUS,72,187,2014,STL,2,3,33
736,Ivan Provorov,PHI,D,22,1997-01-13,Yaroslavl,NA,RUS,RUS,73,201,2015,PHI,1,7,7
439,J.T. Brown,MIN,R,29,1990-07-02,Burnsville,MN,USA,USA,70,182,-,-,-,-,-
556,J.T. Compher,COL,L,24,1995-04-08,Northbrook,IL,USA,USA,72,190,2013,BUF,2,5,35
420,J.T. Miller,T.B,C,26,1993-03-14,East Palestine,OH,USA,USA,73,218,2011,NYR,1,15,15
493,Jaccob Slavin,CAR,D,25,1994-05-01,Denver,CO,USA,USA,75,207,2012,CAR,4,29,120
693,Jack Eichel,BUF,C,22,1996-10-28,North Chelmsford,MA,USA,USA,74,200,2015,BUF,1,2,2
80,Jack Johnson,PIT,D,32,1987-01-13,Indianapolis,IN,USA,USA,73,227,2005,CAR,1,3,3
682,Jack Rodewald,OTT,R,25,1994-02-14,Calgary,AB,CAN,CAN,74,189,-,-,-,-,-
718,Jack Roslovic,WPG,C,22,1997-01-29,Columbus,OH,USA,USA,73,187,2015,WPG,1,25,25
555,Jacob de la Rose,DET,"C, L",24,1995-05-20,Arvika,NA,SWE,SWE,75,216,2013,MTL,2,4,34
732,Jacob Larsson,ANA,D,22,1997-04-29,Ljungby,NA,SWE,SWE,74,190,2015,ANA,1,27,27
816,Jacob MacDonald,FLA,D,26,1993-02-26,Portland,OR,USA,NA,72,204,-,-,-,-,-
678,Jacob Middleton,S.J,D,23,1996-01-02,Wainwright,AB,CAN,CAN,75,210,2014,L.A,7,30,210
895,Jacob Nilsson,CHI,C,25,1993-10-12,Morrum,NA,SWE,SWE,70,180,-,-,-,-,-
464,Jacob Trouba,WPG,D,25,1994-02-26,Rochester,MI,USA,USA,75,209,2012,WPG,1,9,9
321,Jaden Schwartz,STL,L,27,1992-06-25,Wilcox,SK,CAN,CAN,70,190,2010,STL,1,14,14
805,Jake Bean,CAR,D,21,1998-06-09,Calgary,AB,CAN,CAN,73,186,2016,CAR,1,13,13
605,Jake Chelios,DET,D,28,1991-03-08,Bloomfield Hills,MI,USA,USA,74,185,-,-,-,-,-
735,Jake DeBrusk,BOS,L,22,1996-10-17,Edmonton,AB,CAN,CAN,72,188,2015,BOS,1,14,14
505,Jake Dotchin,ANA,D,25,1994-03-24,Cambridge,ON,CAN,CAN,75,210,2012,T.B,6,10,161
194,Jake Gardiner,TOR,D,29,1990-07-04,Minnetonka,MN,USA,USA,74,203,2008,ANA,1,17,17
537,Jake Guentzel,PIT,"C, L",24,1994-10-06,Omaha,NE,USA,USA,71,180,2013,PIT,3,16,77
487,Jake McCabe,BUF,D,25,1993-10-12,Eau Claire,WI,USA,USA,73,206,2012,BUF,2,14,44
172,Jake Muzzin,"L.A, TOR",D,30,1989-02-21,Woodstock,ON,CAN,CAN,75,217,2007,PIT,5,20,141
617,Jake Virtanen,VAN,R,23,1996-08-17,New Westminster,BC,CAN,CAN,73,226,2014,VAN,1,6,6
788,Jakob Chychrun,ARI,D,21,1998-03-31,Boca Raton,FL,USA,USA,74,210,2016,ARI,1,16,16
701,Jakob Forsbacka Karlsson,BOS,C,22,1996-10-31,Stockholm,NA,SWE,SWE,73,184,2015,BOS,2,15,45
237,Jakob Silfverberg,ANA,R,28,1990-10-13,Gävle,NA,SWE,SWE,74,208,2009,OTT,2,9,39
860,Jakub Jerabek,STL,D,28,1991-05-12,Pilsen,NA,CZE,CZE,71,199,-,-,-,-,-
171,Jakub Voracek,PHI,R,30,1989-08-15,Kladno,NA,CZE,CZE,74,214,2007,CBJ,1,7,7
624,Jakub Vrana,WSH,L,23,1996-02-28,Prague,NA,CZE,CZE,72,195,2014,WSH,1,13,13
699,Jakub Zboril,BOS,D,22,1997-02-21,Brno,NA,CZE,CZE,72,200,2015,BOS,1,13,13
87,James Neal,CGY,L,32,1987-09-03,Whitby,ON,CAN,CAN,74,212,2005,DAL,2,3,33
148,James van Riemsdyk,PHI,L,30,1989-05-04,Middletown,NJ,USA,USA,75,217,2007,PHI,1,2,2
139,Jamie Benn,DAL,L,30,1989-07-18,Victoria,BC,CAN,CAN,74,210,2007,DAL,5,8,129
113,Jamie McGinn,FLA,L,31,1988-08-05,Fergus,ON,CAN,CAN,73,205,2006,S.J,2,6,36
419,Jamie Oleksiak,"DAL, PIT",D,26,1992-12-21,Toronto,ON,CAN,CAN,79,255,2011,DAL,1,14,14
867,Jan Rutta,"CHI, T.B",D,29,1990-07-29,Písek,NA,CZE,CZE,75,204,-,-,-,-,-
823,Janne Kuokkanen,CAR,L,21,1998-05-25,Oulunsalo,NA,FIN,FIN,73,193,2016,CAR,2,13,43
634,Jared McCann,"FLA, PIT",C,23,1996-05-31,Stratford,ON,CAN,CAN,73,185,2014,VAN,1,24,24
220,Jared Spurgeon,MIN,D,29,1989-11-29,Edmonton,AB,CAN,CAN,69,167,2008,NYI,6,5,156
839,Jaret Anderson-Dolan,L.A,C,20,1999-09-12,Calgary,AB,CAN,CAN,71,188,2017,L.A,2,10,41
178,Jason Demers,ARI,D,31,1988-06-09,Dorval,QC,CAN,CAN,73,195,2008,S.J,7,5,186
551,Jason Dickinson,DAL,C,24,1995-07-04,Georgetown,ON,CAN,CAN,74,200,2013,DAL,1,29,29
182,Jason Garrison,EDM,D,34,1984-11-13,White Rock,BC,CAN,CAN,73,218,-,-,-,-,-
17,Jason Pominville,BUF,R,36,1982-11-30,Repentigny,QC,CAN,USA,72,180,2001,BUF,2,25,55
13,Jason Spezza,DAL,C,36,1983-06-13,Toronto,ON,CAN,CAN,75,216,2001,OTT,1,2,2
298,Jason Zucker,MIN,L,27,1992-01-16,Newport Beach,CA,USA,USA,71,192,2010,MIN,2,29,59
181,Jay Beagle,VAN,C,33,1985-10-16,Calgary,AB,CAN,CAN,75,210,-,-,-,-,-
22,Jay Bouwmeester,STL,D,36,1983-09-27,Edmonton,AB,CAN,CAN,76,206,2002,FLA,1,3,3
642,Jayce Hawryluk,FLA,C,23,1996-01-01,Yorkton,SK,CAN,CAN,71,196,2014,FLA,2,2,32
510,Jaycob Megna,ANA,D,26,1992-12-10,Plantation,FL,USA,USA,78,221,2012,ANA,7,29,210
387,Jean-Gabriel Pageau,OTT,C,26,1992-11-11,Ottawa,ON,CAN,CAN,70,180,2011,OTT,4,5,96
593,Jean-Sebastien Dea,"N.J, PIT",C,25,1994-02-08,Laval,QC,CAN,CAN,71,175,-,-,-,-,-
33,Jeff Carter,L.A,C,34,1985-01-01,London,ON,CAN,CAN,75,219,2003,PHI,1,11,11
118,Jeff Petry,MTL,D,31,1987-12-09,Ann Arbor,MI,USA,USA,75,201,2006,EDM,2,15,45
324,Jeff Skinner,BUF,"C, L",27,1992-05-16,Toronto,ON,CAN,CAN,71,187,2010,CAR,1,7,7
724,Jeremy Lauzon,BOS,D,22,1997-04-28,Val D'or,QC,CAN,CAN,73,204,2015,BOS,2,22,52
807,Jesper Bratt,N.J,L,21,1998-07-30,Stockholm,NA,SWE,SWE,70,175,2016,N.J,6,11,162
345,Jesper Fast,NYR,R,27,1991-12-02,Nassjo,NA,SWE,SWE,72,191,2010,NYR,6,7,157
884,Jesperi Kotkaniemi,MTL,C,19,2000-07-06,Pori,NA,FIN,FIN,74,198,2018,MTL,1,3,3
787,Jesse Puljujarvi,EDM,R,21,1998-05-07,Alvkarleby,NA,SWE,FIN,76,201,2016,EDM,1,4,4
906,Jimmy Schuldt,VGK,D,24,1995-05-11,Minnetonka,MN,USA,USA,73,205,-,-,-,-,-
479,Jimmy Vesey,NYR,L,26,1993-05-26,Boston,MA,USA,USA,75,199,2012,NSH,3,5,66
335,Joakim Nordstrom,BOS,C,27,1992-02-25,Stockholm,NA,SWE,SWE,73,194,2010,CHI,3,30,90
512,Joakim Ryan,S.J,D,26,1993-06-17,Rumson,NJ,USA,USA,71,185,2012,S.J,7,17,198
679,Joe Hicketts,DET,D,23,1996-05-04,Kamloops,BC,CAN,CAN,68,180,-,-,-,-,-
426,Joe Morrow,WPG,D,26,1992-12-09,Edmonton,AB,CAN,CAN,72,196,2011,PIT,1,23,23
52,Joe Pavelski,S.J,C,35,1984-07-11,Plover,WI,USA,USA,71,195,2003,S.J,7,8,205
3,Joe Thornton,S.J,C,40,1979-07-02,London,ON,CAN,CAN,76,220,1997,BOS,1,1,1
421,Joel Armia,MTL,R,26,1993-05-31,Pori,NA,FIN,FIN,75,213,2011,BUF,1,16,16
400,Joel Edmundson,STL,D,26,1993-06-28,Brandon,MB,CAN,CAN,76,215,2011,STL,2,16,46
733,Joel Eriksson Ek,MIN,C,22,1997-01-29,Karlstad,NA,SWE,SWE,73,210,2015,MIN,1,20,20
599,Joel Hanley,DAL,D,28,1991-06-08,Keswick,ON,CAN,CAN,71,190,-,-,-,-,-
875,Joel L'Esperance,DAL,C,24,1995-08-18,Brighton,MI,USA,USA,74,210,-,-,-,-,-
775,Joey Anderson,N.J,R,21,1998-06-19,Roseville,MN,USA,USA,71,190,2016,N.J,3,12,73
301,Johan Larsson,BUF,C,27,1992-07-25,Lau,NA,SWE,SWE,71,202,2010,MIN,2,26,56
198,John Carlson,WSH,D,29,1990-01-10,Natick,MA,USA,USA,75,217,2008,WSH,1,27,27
523,John Gilmour,NYR,D,26,1993-05-17,Montreal,QC,CAN,CAN,72,190,2013,CGY,7,17,198
535,John Hayden,CHI,R,24,1995-02-14,Chicago,IL,USA,USA,75,215,2013,CHI,3,13,74
350,John Klingberg,DAL,D,27,1992-08-14,Gothenburg,NA,SWE,SWE,74,190,2010,DAL,5,11,131
252,John Moore,BOS,D,28,1990-11-19,Winnetka,IL,USA,USA,74,210,2009,CBJ,1,21,21
640,John Quenneville,N.J,C,23,1996-04-16,Edmonton,AB,CAN,CAN,73,195,2014,N.J,1,30,30
238,John Tavares,TOR,C,29,1990-09-20,Mississauga,ON,CAN,CAN,73,215,2009,NYI,1,1,1
23,Johnny Boychuk,NYI,D,35,1984-01-19,Edmonton,AB,CAN,CAN,74,227,2002,COL,2,31,61
371,Johnny Gaudreau,CGY,L,26,1993-08-13,Salem,NJ,USA,USA,69,165,2011,CGY,4,13,104
309,Jon Merrill,VGK,D,27,1992-02-03,Oklahoma City,OK,USA,USA,75,205,2010,N.J,2,8,38
416,Jonas Brodin,MIN,D,26,1993-07-12,Karlstad,NA,SWE,SWE,73,194,2011,MIN,1,10,10
689,Jonas Siegenthaler,WSH,D,22,1997-05-06,Zurich,NA,CHE,CHE,75,210,2015,WSH,2,27,57
574,Jonathan Drouin,MTL,"C, L",24,1995-03-28,Ste-Agathe,QC,CAN,CAN,72,197,2013,T.B,1,3,3
26,Jonathan Ericsson,DET,D,35,1984-03-02,Karlskrona,NA,SWE,SWE,76,220,2002,DET,9,31,291
409,Jonathan Huberdeau,FLA,L,26,1993-06-04,Saint-Jerome,QC,CAN,CAN,73,202,2011,FLA,1,3,3
432,Jonathan Marchessault,VGK,C,28,1990-12-27,Cap-Rouge,QC,CAN,CAN,69,174,-,-,-,-,-
131,Jonathan Toews,CHI,C,31,1988-04-29,Winnipeg,MB,CAN,CAN,74,201,2006,CHI,1,3,3
532,Jonny Brodzinski,L.A,L,26,1993-06-19,Ham Lake,MN,USA,USA,73,215,2013,L.A,5,27,148
338,Joonas Donskoi,S.J,R,27,1992-04-13,Raahe,NA,FIN,FIN,72,190,2010,FLA,4,9,99
196,Jordan Eberle,NYI,"C, R",29,1990-05-15,Regina,SK,CAN,CAN,71,187,2008,EDM,1,22,22
697,Jordan Greenway,MIN,L,22,1997-02-16,Canton,NY,USA,USA,78,225,2015,MIN,2,20,50
800,Jordan Kyrou,STL,C,21,1998-05-05,Toronto,ON,CAN,CAN,72,175,2016,STL,2,5,35
481,Jordan Martinook,CAR,L,27,1992-07-25,Brandon,MB,CAN,CAN,72,196,2012,PHX,2,28,58
282,Jordan Nolan,STL,C,30,1989-06-23,"Garden River, First Nations",ON,CAN,CAN,75,219,2009,L.A,7,5,186
604,Jordan Oesterle,ARI,D,27,1992-06-25,Dearborn Heights,MI,USA,USA,72,182,-,-,-,-,-
457,Jordan Schmaltz,STL,D,25,1993-10-08,Madison,WI,USA,USA,74,196,2012,STL,1,25,25
120,Jordan Staal,CAR,C,31,1988-09-10,Thunder Bay,ON,CAN,CAN,76,220,2006,PIT,1,2,2
305,Jordan Weal,"ARI, MTL, PHI",C,27,1992-04-15,North Vancouver,BC,CAN,CAN,70,180,2010,L.A,3,10,70
226,Jordie Benn,MTL,D,32,1987-07-26,Victoria,BC,CAN,CAN,74,199,-,-,-,-,-
207,Jori Lehtera,PHI,C,31,1987-12-23,Helsinki,NA,FIN,FIN,74,212,2008,STL,3,4,65
506,Joseph Blandisi,"ANA, PIT",C,25,1994-07-18,Markham,ON,CAN,CAN,72,187,2012,COL,6,11,162
834,Joseph Gambardella,EDM,C,25,1993-12-01,Staten Island,NY,USA,USA,70,196,-,-,-,-,-
500,Josh Anderson,CBJ,R,25,1994-05-07,Burlington,ON,CAN,CAN,75,222,2012,CBJ,4,4,95
368,Josh Archibald,ARI,R,26,1992-10-06,Regina,SK,CAN,CAN,70,176,2011,PIT,6,23,174
190,Josh Bailey,NYI,R,30,1989-10-02,Bowmanville,ON,CAN,CAN,73,212,2008,NYI,1,9,9
533,Josh Brown,FLA,D,25,1994-01-21,London,ON,CAN,CAN,77,217,2013,FLA,6,1,152
598,Josh Currie,EDM,R,26,1992-10-29,Charlottetown,PE,CAN,CAN,70,172,-,-,-,-,-
646,Josh Jacobs,N.J,D,23,1996-02-15,Shelby Township,MI,USA,USA,74,200,2014,N.J,2,11,41
385,Josh Leivo,"TOR, VAN",L,26,1993-05-26,Innisfil,ON,CAN,CAN,74,192,2011,TOR,3,25,86
798,Josh Mahura,ANA,D,21,1998-05-05,St. Albert,AB,CAN,CAN,73,186,2016,ANA,3,24,85
366,Josh Manson,ANA,D,27,1991-10-07,Hinsdale,IL,USA,CAN,75,224,2011,ANA,6,9,160
584,Josh Morrissey,WPG,D,24,1995-03-28,Calgary,AB,CAN,CAN,72,195,2013,WPG,1,13,13
899,Josh Teves,VAN,D,24,1995-02-18,CALGARY,AB,CAN,CAN,72,170,-,-,-,-,-
638,Joshua Ho-Sang,NYI,R,23,1996-01-22,Toronto,ON,CAN,CAN,72,173,2014,NYI,1,28,28
653,Juho Lammikko,FLA,R,23,1996-01-29,Noormarkku,NA,FIN,FIN,74,191,2014,FLA,3,5,65
477,Jujhar Khaira,EDM,L,25,1994-08-13,Surrey,BC,CAN,CAN,76,212,2012,EDM,3,2,63
625,Julius Honka,DAL,D,23,1995-12-03,Jyväskylä,NA,FIN,FIN,71,180,2014,DAL,1,14,14
89,Justin Abdelkader,DET,L,32,1987-02-25,Muskegon,MI,USA,USA,74,214,2005,DET,2,12,42
565,Justin Bailey,PHI,R,24,1995-07-01,Buffalo,NY,USA,USA,76,214,2013,BUF,2,22,52
145,Justin Braun,S.J,D,32,1987-02-10,Minneapolis,MN,USA,USA,74,205,2007,S.J,7,20,201
284,Justin Dowling,DAL,C,29,1990-10-01,Calgary,AB,CAN,CAN,70,180,-,-,-,-,-
138,Justin Falk,OTT,D,30,1988-10-11,Snowflake,MB,CAN,CAN,77,223,2007,MIN,4,19,110
311,Justin Faulk,CAR,D,27,1992-03-20,South St.Paul,MN,USA,USA,72,217,2010,CAR,2,7,37
297,Justin Holl,TOR,D,27,1992-01-30,Tonka Bay,MN,USA,USA,75,210,2010,CHI,2,24,54
857,Justin Kloos,ANA,C,25,1993-11-30,Lakeville,MN,USA,USA,69,175,-,-,-,-,-
201,Justin Schultz,PIT,D,29,1990-07-06,Kelowna,BC,CAN,CAN,74,193,2008,ANA,2,13,43
8,Justin Williams,CAR,R,37,1981-10-04,Cobourg,ON,CAN,CAN,73,184,2000,PHI,1,28,28
891,Juuso Riikola,PIT,D,25,1993-11-09,Joensuu,NA,FIN,NA,72,189,-,-,-,-,-
836,Juuso Valimaki,CGY,D,20,1998-10-06,Tampere,NA,FIN,FIN,74,212,2017,CGY,1,16,16
837,Kailer Yamamoto,EDM,R,21,1998-09-29,Spokane,WA,USA,USA,68,153,2017,EDM,1,22,22
771,Kalle Kossila,ANA,C,26,1993-04-14,Kauniainen,NA,FIN,FIN,70,182,-,-,-,-,-
137,Karl Alzner,MTL,D,31,1988-09-24,Burnaby,BC,CAN,CAN,75,213,2007,WSH,1,5,5
887,Karson Kuhlman,BOS,C,24,1995-09-26,Esko,MN,USA,USA,71,185,-,-,-,-,-
633,Kasperi Kapanen,TOR,R,23,1996-07-23,Kuopio,NA,FIN,FIN,73,194,2014,PIT,1,22,22
93,Keith Yandle,FLA,D,33,1986-09-09,Boston,MA,USA,USA,73,192,2005,PHX,4,14,105
343,Kenny Agostino,"MTL, N.J",L,27,1992-04-30,Morristown,NJ,USA,USA,72,204,2010,PIT,5,20,140
590,Kerby Rychel,CGY,L,24,1994-10-07,Torrance,CA,USA,CAN,73,213,2013,CBJ,1,19,19
357,Kevan Miller,BOS,D,31,1987-11-15,Los Angeles,CA,USA,USA,74,210,-,-,-,-,-
271,Kevin Connauton,ARI,D,29,1990-02-23,Edmonton,AB,CAN,CAN,74,205,2009,VAN,3,22,83
622,Kevin Fiala,"MIN, NSH",L,23,1996-07-22,St. Gallen,NA,CHE,CHE,70,193,2014,NSH,1,11,11
346,Kevin Gravel,EDM,D,27,1992-03-06,Kingsford,MI,USA,USA,76,205,2010,L.A,5,28,148
317,Kevin Hayes,"NYR, WPG","C, R",27,1992-05-08,Dorchester,MA,USA,USA,77,216,2010,CHI,1,24,24
673,Kevin Labanc,S.J,R,23,1995-12-12,Brooklyn,NY,USA,USA,71,185,2014,S.J,6,21,171
772,Kevin Rooney,N.J,C,26,1993-05-21,Canton,MA,USA,USA,74,190,-,-,-,-,-
497,Kevin Roy,ANA,L,26,1993-05-20,Greenfield Park,QC,CAN,CAN,69,170,2012,ANA,4,6,97
146,Kevin Shattenkirk,NYR,D,30,1989-01-29,New Rochelle,NY,USA,USA,72,203,2007,COL,1,14,14
748,Kevin Stenlund,CBJ,C,23,1996-09-20,Huddinge,NA,SWE,SWE,76,210,2015,CBJ,2,28,58
873,Kiefer Sherwood,ANA,R,24,1995-03-31,Columbus,OH,USA,USA,72,194,-,-,-,-,-
765,Kole Sherwood,CBJ,R,22,1997-01-22,Columbus,OH,USA,USA,73,202,-,-,-,-,-
125,Korbinian Holzer,ANA,D,31,1988-02-16,Munich,NA,DEU,DEU,75,213,2006,TOR,4,18,111
91,Kris Letang,PIT,D,32,1987-04-24,Montreal,QC,CAN,CAN,72,201,2005,PIT,3,1,62
92,Kris Russell,EDM,D,32,1987-05-02,Caroline,AB,CAN,CAN,70,170,2005,CBJ,3,6,67
843,Kristian Vesalainen,WPG,L,20,1999-06-01,Helsinki,NA,FIN,FIN,75,207,2017,WPG,1,24,24
433,Kurtis Gabriel,N.J,R,26,1993-04-20,Newmarket,ON,CAN,CAN,76,200,2013,MIN,3,20,81
513,Kurtis MacDermid,L.A,D,25,1994-03-25,Sauble Beach,ON,CAN,CAN,77,233,-,-,-,-,-
53,Kyle Brodziak,EDM,C,35,1984-05-25,St. Paul,AB,CAN,CAN,74,205,2003,EDM,7,17,214
728,Kyle Capobianco,ARI,D,22,1997-08-13,Mississauga,ON,CAN,CAN,73,196,2015,ARI,3,2,63
235,Kyle Clifford,L.A,L,28,1991-01-13,Ayr,ON,CAN,CAN,74,211,2009,L.A,2,5,35
688,Kyle Connor,WPG,L,22,1996-12-09,Shelby Twp.,MI,USA,USA,73,182,2015,WPG,1,17,17
110,Kyle Okposo,BUF,R,31,1988-04-16,St. Paul,MN,USA,USA,72,219,2006,NYI,1,7,7
233,Kyle Palmieri,N.J,R,28,1991-02-01,Smithtown,NY,USA,USA,71,185,2009,ANA,1,26,26
386,Kyle Rau,MIN,C,26,1992-10-24,Eden Prairie,MN,USA,USA,68,176,2011,FLA,3,30,91
156,Kyle Turris,NSH,C,30,1989-08-14,New Westminster,BC,CAN,CAN,73,190,2007,PHX,1,3,3
175,Lars Eller,WSH,C,30,1989-05-08,Rodovre,NA,DNK,DNK,74,205,2007,STL,1,13,13
558,Laurent Dauphin,ARI,C,24,1995-03-27,Repentigny,QC,CAN,CAN,73,180,2013,PHX,2,9,39
888,Lawrence Pilut,BUF,D,23,1995-12-30,Tingsryd,NA,SWE,SWE,71,180,-,-,-,-,-
727,Lawson Crouse,ARI,L,22,1997-06-23,Mt. Brydges,ON,CAN,CAN,76,220,2015,FLA,1,11,11
48,Lee Stempniak,BOS,R,36,1983-02-04,West Seneca,NY,USA,USA,71,195,2003,STL,5,12,148
112,Leo Komarov,NYI,"C, R",32,1987-01-23,Narva,NA,EST,FIN,71,209,2006,TOR,6,27,180
614,Leon Draisaitl,EDM,C,23,1995-10-27,Cologne,NA,DEU,DEU,74,208,2014,EDM,1,3,3
853,Lias Andersson,NYR,C,20,1998-10-13,Smogen,NA,SWE,SWE,72,190,2017,NYR,1,7,7
782,Libor Hajek,NYR,D,21,1998-02-04,Smrcek,NA,CZE,CZE,74,203,2016,T.B,2,7,37
866,Libor Sulak,DET,D,25,1994-03-04,Pelhrimov,NA,CZE,CZE,74,207,-,-,-,-,-
794,Logan Brown,OTT,C,21,1998-03-05,Raleigh,NC,USA,USA,78,220,2016,OTT,1,11,11
151,Logan Couture,S.J,C,30,1989-03-28,Guelph,ON,CAN,CAN,73,200,2007,S.J,1,9,9
898,Logan O'Connor,COL,R,23,1996-08-14,Missouri City,TX,USA,USA,72,175,-,-,-,-,-
44,Loui Eriksson,VAN,L,34,1985-07-17,Gothenburg,NA,SWE,SWE,74,179,2003,DAL,2,3,33
656,Louie Belpedio,MIN,D,23,1996-05-14,Skokie,IL,USA,USA,71,196,2014,MIN,3,20,80
193,Luca Sbisa,NYI,D,29,1990-01-30,Ozieri,NA,ITA,CHE,74,204,2008,PHI,1,19,19
659,Lucas Wallmark,CAR,C,24,1995-09-05,Umea,NA,SWE,SWE,72,178,2014,CAR,4,7,97
878,Lukas Radil,S.J,C,29,1990-08-05,Caslav,NA,CZE,CZE,74,205,-,-,-,-,-
365,Lukas Sedlak,CBJ,C,26,1993-02-25,Ceské Budejovice,NA,CZE,CZE,72,205,2011,CBJ,6,7,158
441,Luke Glendening,DET,C,30,1989-04-28,Grand Rapids,MI,USA,USA,71,192,-,-,-,-,-
531,Luke Johnson,CHI,C,25,1994-09-19,Grand Forks,ND,USA,USA,71,179,2013,CHI,5,13,134
776,Luke Kunin,MIN,C,21,1997-12-04,Chesterfield,MO,USA,USA,72,197,2016,MIN,1,15,15
187,Luke Schenn,"ANA, VAN",D,29,1989-11-02,Saskatoon,SK,CAN,CAN,74,221,2008,TOR,1,5,5
222,Luke Witkowski,DET,R,29,1990-04-14,Holland,MI,USA,USA,74,217,2008,T.B,6,9,160
475,Mackenzie MacEachern,STL,L,25,1994-03-09,Bloomfield Hills,MI,USA,USA,74,190,2012,STL,3,6,67
526,MacKenzie Weegar,FLA,D,25,1994-01-07,Ottawa,ON,CAN,CAN,72,200,2013,FLA,7,25,206
566,Madison Bowey,"DET, WSH",D,24,1995-04-22,Winnipeg,MB,CAN,CAN,74,198,2013,WSH,2,23,53
245,Magnus Paajarvi,OTT,L,28,1991-04-12,Norrkoping,NA,SWE,SWE,75,206,2009,EDM,1,10,10
50,Marc Methot,DAL,D,34,1985-06-21,Ottawa,ON,CAN,CAN,76,230,2003,CBJ,6,1,168
82,Marc Staal,NYR,D,32,1987-01-13,Thunder Bay,ON,CAN,CAN,76,209,2005,NYR,1,12,12
88,Marc-Edouard Vlasic,S.J,D,32,1987-03-30,Montreal,QC,CAN,CAN,73,205,2005,S.J,2,5,35
206,Marco Scandella,BUF,D,29,1990-02-23,Montreal,QC,CAN,CAN,75,210,2008,MIN,2,25,55
263,Marcus Foligno,MIN,L,28,1991-08-10,Buffalo,NY,USA,CAN,75,224,2009,BUF,4,13,104
232,Marcus Johansson,"BOS, N.J",L,28,1990-10-06,Landskrona,NA,SWE,SWE,73,205,2009,WSH,1,24,24
280,Marcus Kruger,CHI,C,29,1990-05-27,Stockholm,NA,SWE,SWE,72,186,2009,CHI,5,28,149
644,Marcus Pettersson,"ANA, PIT",D,23,1996-05-08,Skellefteå,NA,SWE,SWE,76,177,2014,ANA,2,8,38
340,Marcus Sorensen,S.J,L,27,1992-04-07,Sodertalje,NA,SWE,SWE,71,175,2010,OTT,4,16,106
163,Mario Kempe,ARI,R,31,1988-09-19,Kramfors,NA,SWE,SWE,72,185,2007,PHI,5,1,122
302,Mark Alt,COL,D,27,1991-10-18,Kansas City,MO,USA,USA,76,201,2010,CAR,2,23,53
221,Mark Barberio,COL,D,29,1990-03-23,Montreal,QC,CAN,CAN,73,200,2008,T.B,6,1,152
217,Mark Borowiecki,OTT,D,30,1989-07-12,Ottawa,ON,CAN,CAN,73,204,2008,OTT,5,18,139
657,Mark Friedman,PHI,D,23,1995-12-25,Toronto,ON,CAN,CAN,71,185,2014,PHI,3,26,86
55,Mark Giordano,CGY,D,36,1983-10-03,Toronto,ON,CAN,CAN,72,200,-,-,-,-,-
454,Mark Jankowski,CGY,C,25,1994-09-13,Hamilton,ON,CAN,CAN,76,212,2012,CGY,1,21,21
134,Mark Letestu,CBJ,C,34,1985-02-04,Elk Point,AB,CAN,CAN,70,195,-,-,-,-,-
332,Mark Pysyk,FLA,D,27,1992-01-11,Sherwood Park,AB,CAN,CAN,73,196,2010,BUF,1,23,23
413,Mark Scheifele,WPG,C,26,1993-03-15,Kitchener,ON,CAN,CAN,75,207,2011,WPG,1,7,7
352,Mark Stone,"OTT, VGK",R,27,1992-05-13,Winnipeg,MB,CAN,CAN,75,219,2010,OTT,6,28,178
550,Marko Dano,COL,C,24,1994-11-30,Eisenstadt,NA,AUT,SVK,71,201,2013,CBJ,1,27,27
399,Markus Granlund,VAN,C,26,1993-04-16,Oulu,NA,FIN,FIN,72,180,2011,CGY,2,15,45
741,Markus Hannikainen,CBJ,L,26,1993-03-26,Helsinki,NA,FIN,FIN,73,200,-,-,-,-,-
762,Markus Nutivaara,CBJ,D,25,1994-06-06,Oulu,NA,FIN,FIN,73,187,2015,CBJ,7,8,189
484,Martin Frk,DET,R,25,1993-10-05,Pelhrimov,NA,CZE,CZE,73,205,2012,DET,2,19,49
83,Martin Hanzal,DAL,C,32,1987-02-20,Pisek,NA,CZE,CZE,78,230,2005,PHX,1,17,17
296,Martin Marincin,TOR,D,27,1992-02-18,Kosice,NA,SVK,SVK,77,217,2010,EDM,2,16,46
851,Martin Necas,CAR,C,20,1999-01-15,Nove Mesto na Morave,NA,CZE,CZE,73,189,2017,CAR,1,12,12
761,Mason Appleton,WPG,C,23,1996-01-15,Green Bay,WI,USA,USA,74,193,2015,WPG,6,17,168
713,Mathew Barzal,NYI,C,22,1997-05-26,Coquitlam,BC,CAN,CAN,72,187,2015,NYI,1,16,16
726,Mathieu Joseph,T.B,R,22,1997-02-09,Laval,QC,CAN,CAN,73,190,2015,T.B,4,29,120
132,Mathieu Perreault,WPG,"C, L",31,1988-01-05,Drummondville,QC,CAN,CAN,70,188,2006,WSH,6,24,177
293,Mats Zuccarello,"DAL, NYR","C, R",32,1987-09-01,Oslo,NA,NOR,NOR,68,178,-,-,-,-,-
224,Matt Bartkowski,MIN,D,31,1988-06-04,Pittsburgh,PA,USA,USA,73,198,2008,FLA,7,9,190
116,Matt Beleskey,NYR,L,31,1988-06-07,Windsor,ON,CAN,CAN,72,207,2006,ANA,4,19,112
215,Matt Calvert,COL,L,29,1989-12-24,Brandon,MB,CAN,CAN,71,186,2008,CBJ,5,6,127
1,Matt Cullen,PIT,C,42,1976-11-02,Virginia,MN,USA,USA,73,202,1996,ANA,2,9,35
210,Matt Donovan,NSH,D,29,1990-05-09,Edmond,OK,USA,USA,73,205,2008,NYI,4,5,96
240,Matt Duchene,"CBJ, OTT",C,28,1991-01-16,Haliburton,ON,CAN,CAN,71,195,2009,COL,1,3,3
447,Matt Dumba,MIN,D,25,1994-07-25,Regina,SK,CAN,CAN,72,180,2012,MIN,1,7,7
468,Matt Grzelcyk,BOS,D,25,1994-01-05,Charlestown,MA,USA,USA,69,174,2012,BOS,3,24,85
10,Matt Hendricks,"MIN, WPG",C,38,1981-06-17,Blaine,MN,USA,USA,72,211,2000,NSH,5,1,131
74,Matt Hunwick,BUF,D,34,1985-05-21,Warren,MI,USA,USA,71,194,2004,BOS,7,31,224
291,Matt Irwin,NSH,D,31,1987-11-29,Victoria,BC,CAN,CAN,73,207,-,-,-,-,-
827,Matt Luff,L.A,R,22,1997-05-05,Oakville,ON,CAN,CAN,74,196,-,-,-,-,-
218,Matt Martin,NYI,L,30,1989-05-08,Windsor,ON,CAN,CAN,75,220,2008,NYI,5,27,148
401,Matt Nieto,COL,L,26,1992-11-05,Long Beach,CA,USA,USA,71,185,2011,S.J,2,17,47
86,Matt Niskanen,WSH,D,32,1986-12-06,Virginia,MN,USA,USA,73,203,2005,DAL,1,28,28
427,Matt Puempel,DET,L,26,1993-01-24,Windsor,ON,CAN,CAN,73,205,2011,OTT,1,24,24
356,Matt Read,MIN,R,33,1986-06-14,Ilderton,ON,CAN,CAN,70,188,-,-,-,-,-
763,Matt Roy,L.A,D,24,1995-03-01,Detroit,MI,USA,USA,73,200,2015,L.A,7,13,194
440,Matt Tennyson,BUF,D,29,1990-04-23,Minneapolis,MN,USA,USA,74,205,-,-,-,-,-
503,Matthew Benning,EDM,D,25,1994-05-25,Edmonton,AB,CAN,CAN,73,203,2012,BOS,6,24,175
361,Matthew Peca,MTL,C,26,1993-04-27,Petawawa,ON,CAN,CAN,68,182,2011,T.B,7,20,201
774,Matthew Tkachuk,CGY,L,21,1997-12-11,Scottsdale,AZ,USA,USA,74,202,2016,CGY,1,6,6
262,Mattias Ekholm,NSH,D,29,1990-05-24,Borlange,NA,SWE,SWE,76,215,2009,NSH,4,11,102
538,Mattias Janmark,DAL,C,26,1992-12-08,Stockholm,NA,SWE,SWE,73,195,2013,DET,3,18,79
848,Max Comtois,ANA,L,20,1999-01-08,Longueuil,QC,CAN,CAN,74,215,2017,ANA,2,19,50
583,Max Domi,MTL,"C, L",24,1995-03-02,Winnipeg,MB,CAN,CAN,70,192,2013,PHX,1,12,12
795,Max Jones,ANA,L,21,1998-02-17,Rochester,MI,USA,USA,75,220,2016,ANA,1,24,24
367,Max McCormick,OTT,L,27,1992-05-01,De Pere,WI,USA,USA,71,188,2011,OTT,6,20,171
170,Max Pacioretty,VGK,L,30,1988-11-20,New Canaan,CT,USA,USA,74,206,2007,MTL,1,22,22
869,Max Veronneau,OTT,R,23,1995-12-12,Ottawa,ON,CAN,CAN,72,190,-,-,-,-,-
825,Maxim Mamin,FLA,C,24,1995-01-13,Moscow,NA,RUS,RUS,74,206,2016,FLA,6,24,175
778,Maxime Lajoie,OTT,D,21,1997-11-05,Quebec City,QC,CAN,CAN,73,183,2016,OTT,5,12,133
609,Melker Karlsson,S.J,C,29,1990-07-18,Lycksele,NA,SWE,SWE,72,180,-,-,-,-,-
658,Michael Amadio,L.A,C,23,1996-05-13,Sault Ste. Marie,ON,CAN,CAN,73,204,2014,L.A,3,30,90
666,Michael Bunting,ARI,L,24,1995-09-17,Scarborough,ON,CAN,CAN,71,197,2014,ARI,4,27,117
336,Michael Chaput,MTL,C,27,1992-04-09,Ile Bizard,QC,CAN,CAN,74,199,2010,PHI,3,29,89
616,Michael Dal Colle,NYI,L,23,1996-06-20,Richmond Hill,ON,CAN,CAN,75,204,2014,NYI,1,5,5
195,Michael Del Zotto,"ANA, STL, VAN",D,29,1990-06-24,Stouffville,ON,CAN,CAN,72,195,2008,NYR,1,20,20
127,Michael Frolik,CGY,R,31,1988-02-17,Kladno,NA,CZE,CZE,73,190,2006,FLA,1,10,10
123,Michael Grabner,ARI,R,31,1987-10-05,Villach,NA,AUT,AUT,73,188,2006,VAN,1,14,14
811,Michael McLeod,N.J,C,21,1998-02-03,Mississauga,ON,CAN,CAN,74,188,2016,N.J,1,12,12
521,Michael Raffl,PHI,L,30,1988-12-01,Villach,NA,AUT,AUT,72,200,-,-,-,-,-
838,Michael Rasmussen,DET,C,20,1999-04-17,Vancouver,BC,CAN,CAN,78,221,2017,DET,1,9,9
208,Michael Stone,CGY,D,29,1990-06-07,Winnipeg,MB,CAN,CAN,75,210,2008,PHX,3,8,69
822,Michal Kempny,WSH,D,29,1990-09-08,Hodonin,NA,CZE,CZE,72,195,-,-,-,-,-
351,Micheal Ferland,CAR,L,27,1992-04-20,Swan River,MB,CAN,CAN,74,217,2010,CGY,5,13,133
179,Micheal Haley,"FLA, S.J",C,33,1986-03-30,Guelph,ON,CAN,CAN,71,202,-,-,-,-,-
403,Miikka Salomaki,NSH,R,26,1993-03-09,Raahe,NA,FIN,FIN,71,203,2011,NSH,2,22,52
412,Mika Zibanejad,NYR,C,26,1993-04-18,Huddinge,NA,SWE,SWE,74,208,2011,OTT,1,6,6
168,Mikael Backlund,CGY,C,30,1989-03-17,Vasteras,NA,SWE,SWE,73,200,2007,CGY,1,24,24
333,Mikael Granlund,"MIN, NSH","C, R",27,1992-02-26,Oulu,NA,FIN,FIN,70,185,2010,MIN,1,9,9
63,Mike Green,DET,D,33,1985-10-12,Calgary,AB,CAN,CAN,73,207,2004,WSH,1,29,29
230,Mike Hoffman,FLA,L,29,1989-11-24,Kitchener,ON,CAN,CAN,72,182,2009,OTT,5,9,130
456,Mike Matheson,FLA,D,25,1994-02-27,Pointe-Claire,QC,CAN,CAN,74,188,2012,FLA,1,23,23
388,Mike Reilly,MTL,D,26,1993-07-13,Chicago,IL,USA,USA,74,200,2011,CBJ,4,7,98
808,Mikhail Sergachev,T.B,D,21,1998-06-25,Nizhnekamsk,NA,RUS,RUS,75,217,2016,MTL,1,9,9
752,Mikhail Vorobyev,PHI,C,22,1997-01-05,Ufa,NA,RUS,RUS,74,194,2015,PHI,4,13,104
189,Mikkel Boedker,OTT,L,29,1989-12-16,Brondby,NA,DNK,DNK,72,207,2008,PHX,1,8,8
14,Mikko Koivu,MIN,C,36,1983-03-12,Turku,NA,FIN,FIN,75,213,2001,MIN,1,6,6
702,Mikko Rantanen,COL,R,22,1996-10-29,Nousiainen,NA,FIN,FIN,76,215,2015,COL,1,10,10
115,Milan Lucic,EDM,L,31,1988-06-07,Vancouver,BC,CAN,CAN,75,231,2006,BOS,2,20,50
543,Miles Wood,N.J,L,24,1995-09-13,Buffalo,NY,USA,USA,74,195,2013,N.J,4,9,100
589,Mirco Mueller,N.J,D,24,1995-03-21,Winterthur,NA,CHE,CHE,75,210,2013,S.J,1,18,18
850,Miro Heiskanen,DAL,D,20,1999-07-18,Espoo,NA,FIN,FIN,73,190,2017,DAL,1,3,3
729,Mitchell Marner,TOR,"C, R",22,1997-05-05,Markham,ON,CAN,CAN,72,175,2015,TOR,1,4,4
445,Morgan Rielly,TOR,D,25,1994-03-09,Vancouver,BC,CAN,CAN,73,219,2012,TOR,1,5,5
290,Nate Prosser,MIN,D,33,1986-05-07,Elk River,MN,USA,USA,74,201,-,-,-,-,-
518,Nate Schmidt,VGK,D,28,1991-07-16,St. Cloud,MN,USA,USA,73,194,-,-,-,-,-
51,Nate Thompson,"L.A, MTL",C,34,1984-10-05,Anchorage,AK,USA,USA,72,205,2003,BOS,6,16,183
810,Nathan Bastian,N.J,R,21,1997-12-06,Kitchener,ON,CAN,CAN,76,205,2016,N.J,2,11,41
422,Nathan Beaulieu,"BUF, WPG",D,26,1992-12-05,Strathroy,ON,CAN,CAN,74,200,2011,MTL,1,17,17
572,Nathan MacKinnon,COL,C,24,1995-09-01,Halifax,NS,CAN,CAN,72,200,2013,COL,1,1,1
597,Nathan Walker,WSH,L,25,1994-02-07,Cardiff,NA,GBR,AUS,69,186,2014,WSH,3,29,89
244,Nazem Kadri,TOR,C,28,1990-10-06,London,ON,CAN,CAN,72,192,2009,TOR,1,7,7
862,Neal Pionk,NYR,D,24,1995-07-29,Hermantown,MN,USA,USA,72,186,-,-,-,-,-
661,Nelson Nogier,WPG,D,23,1996-05-27,Saskatoon,SK,CAN,CAN,74,191,2014,WPG,4,11,101
283,Nic Dowd,WSH,C,29,1990-05-27,Huntsville,AL,USA,USA,74,195,2009,L.A,7,17,198
562,Nic Petan,"TOR, WPG","C, L",24,1995-03-22,Delta,BC,CAN,CAN,69,175,2013,WPG,2,13,43
315,Nick Bjugstad,"FLA, PIT",C,27,1992-07-17,Minneapolis,MN,USA,USA,78,215,2010,FLA,1,19,19
142,Nick Bonino,NSH,C,31,1988-04-20,Hartford,CT,USA,USA,73,196,2007,S.J,6,22,173
380,Nick Cousins,ARI,C,26,1993-07-20,Belleville,ON,CAN,CAN,71,183,2011,PHI,3,7,68
108,Nick Foligno,CBJ,L,31,1987-10-31,Buffalo,NY,USA,USA,72,208,2006,OTT,1,28,28
177,Nick Holden,VGK,D,32,1987-05-15,St. Albert,AB,CAN,CAN,76,214,-,-,-,-,-
281,Nick Jensen,"DET, WSH",D,29,1990-09-21,St. Paul,MN,USA,USA,72,196,2009,DET,5,29,150
769,Nick Lappin,N.J,R,26,1992-11-01,Geneva,IL,USA,USA,73,175,-,-,-,-,-
250,Nick Leddy,NYI,D,28,1991-03-20,Eden Prairie,MN,USA,USA,72,207,2009,MIN,1,16,16
544,Nick Paul,OTT,L,24,1995-03-20,Mississauga,ON,CAN,CAN,76,230,2013,DAL,4,10,101
621,Nick Ritchie,ANA,L,23,1995-12-05,Orangeville,ON,CAN,CAN,74,230,2014,ANA,1,10,10
631,Nick Schmaltz,"ARI, CHI",C,23,1996-02-23,Madison,WI,USA,USA,72,177,2014,CHI,1,20,20
375,Nick Seeler,MIN,D,26,1993-06-03,Eden Prairie,MN,USA,USA,74,201,2011,MIN,5,10,131
126,Nicklas Backstrom,WSH,C,31,1987-11-23,Gävle,NA,SWE,SWE,73,206,2006,WSH,1,4,4
842,Nico Hischier,N.J,C,20,1999-01-04,Brig,NA,CHE,CHE,73,175,2017,N.J,1,1,1
903,Nico Sturm,MIN,C,24,1995-05-03,Augsburg,NA,DEU,DEU,75,207,-,-,-,-,-
648,Nicolas Aube-Kubel,PHI,R,23,1996-05-10,Slave Lake,AB,CAN,CAN,71,187,2014,PHI,2,18,48
269,Nicolas Deslauriers,MTL,L,28,1991-02-22,LaSalle,QC,CAN,CAN,73,219,2009,L.A,3,23,84
720,Nicolas Roy,CAR,C,22,1997-02-05,Amos,QC,CAN,CAN,76,205,2015,CAR,4,5,96
406,Nikita Kucherov,T.B,R,26,1993-06-17,Maykop,NA,RUS,RUS,71,180,2011,T.B,2,28,58
636,Nikita Scherbak,L.A,R,23,1995-12-30,Moscow,NA,RUS,RUS,74,192,2014,MTL,1,26,26
685,Nikita Soshnikov,STL,R,25,1993-10-14,Nizhny Tagil,NA,RUS,RUS,71,185,-,-,-,-,-
587,Nikita Zadorov,COL,D,24,1995-04-16,Moscow,NA,RUS,RUS,77,235,2013,BUF,1,16,16
819,Nikita Zaitsev,TOR,D,27,1991-10-29,Moscow,NA,RUS,RUS,74,188,-,-,-,-,-
97,Niklas Hjalmarsson,ARI,D,32,1987-06-06,Eksjo,NA,SWE,SWE,75,197,2005,CHI,4,17,108
9,Niklas Kronwall,DET,D,38,1981-01-12,Stockholm,NA,SWE,SWE,72,194,2000,DET,1,29,29
620,Nikolaj Ehlers,WPG,L,23,1996-02-14,Aalborg,NA,DNK,DNK,72,172,2014,WPG,1,9,9
637,Nikolay Goldobin,VAN,R,23,1995-10-07,Moscow,NA,RUS,RUS,71,196,2014,S.J,1,27,27
334,Nino Niederreiter,"CAR, MIN",R,27,1992-09-08,Chur,NA,CHE,CHE,74,218,2010,NYI,1,5,5
686,Noah Hanifin,CGY,D,22,1997-01-25,Boston,MA,USA,USA,75,215,2015,CAR,1,5,5
716,Noah Juulsen,MTL,D,22,1997-04-02,Surrey,BC,CAN,CAN,74,193,2015,MTL,1,26,26
746,Noel Acciari,BOS,C,27,1991-12-01,Johnston,RI,USA,USA,70,203,-,-,-,-,-
835,Nolan Patrick,PHI,C,21,1998-09-19,Winnipeg,MB,CAN,CAN,74,198,2017,PHI,1,2,2
541,Oliver Bjorkstrand,CBJ,R,24,1995-04-10,Herning,NA,DNK,DNK,72,177,2013,CBJ,3,28,89
243,Oliver Ekman-Larsson,ARI,D,28,1991-07-17,Karlskrona,NA,SWE,SWE,74,200,2009,PHX,1,6,6
706,Oliver Kylington,CGY,D,22,1997-05-19,Stockholm,NA,SWE,SWE,72,183,2015,CGY,2,30,60
455,Olli Maatta,PIT,D,25,1994-08-22,Jyväskylä,NA,FIN,FIN,74,206,2012,PIT,1,22,22
677,Ondrej Kase,ANA,R,23,1995-11-08,Kadan,NA,CZE,CZE,72,190,2014,ANA,7,25,205
363,Ondrej Palat,T.B,L,28,1991-03-28,Frydek-Mistek,NA,CZE,CZE,72,194,2011,T.B,7,27,208
863,Oscar Fantenberg,"CGY, L.A",D,27,1991-10-07,Ljunby,NA,SWE,SWE,72,206,-,-,-,-,-
423,Oscar Klefbom,EDM,D,26,1993-07-20,Karlstad,NA,SWE,SWE,75,216,2011,EDM,1,19,19
295,Oscar Lindberg,"OTT, VGK","C, L",27,1991-10-29,Skellefteå,NA,SWE,SWE,73,202,2010,PHX,2,27,57
669,Oskar Lindblom,PHI,L,23,1996-08-15,Gävle,NA,SWE,SWE,73,191,2014,PHI,5,18,138
471,Oskar Sundqvist,STL,C,25,1994-03-23,Boden,NA,SWE,SWE,75,209,2012,PIT,3,20,81
152,P.K. Subban,NSH,D,30,1989-05-13,Toronto,ON,CAN,CAN,72,210,2007,MTL,2,13,43
890,Par Lindholm,"TOR, WPG",C,27,1991-10-05,Kusmark,NA,SWE,SWE,72,183,-,-,-,-,-
147,Pat Maroon,STL,L,31,1988-04-23,St. Louis,MO,USA,USA,75,236,2007,PHI,6,10,161
101,Patric Hornqvist,PIT,R,32,1987-01-01,Sollentuna,NA,SWE,SWE,71,189,2005,NSH,7,36,230
45,Patrice Bergeron,BOS,C,34,1985-07-24,Ancienne-Lorette,QC,CAN,CAN,73,195,2003,BOS,2,15,45
43,Patrick Eaves,ANA,R,35,1984-05-01,Calgary,AB,CAN,USA,70,203,2003,OTT,1,29,29
165,Patrick Kane,CHI,R,30,1988-11-19,Buffalo,NY,USA,USA,71,177,2007,CHI,1,1,1
4,Patrick Marleau,TOR,C,40,1979-09-15,Aneroid,SK,CAN,CAN,74,218,1997,S.J,1,2,2
821,Patrick Russell,EDM,R,26,1993-01-04,Bickenrod,NA,DNK,DNK,73,203,-,-,-,-,-
121,Patrik Berglund,BUF,C,31,1988-06-02,Västerås,NA,SWE,SWE,76,215,2006,STL,1,25,25
785,Patrik Laine,WPG,R,21,1998-04-19,Tampere,NA,FIN,FIN,77,206,2016,WPG,1,2,2
308,Patrik Nemeth,COL,D,27,1992-02-08,Stockholm,NA,SWE,SWE,75,219,2010,DAL,2,11,41
149,Paul Byron,MTL,L,30,1989-04-27,Ottawa,ON,CAN,CAN,69,158,2007,BUF,6,28,179
141,Paul Carey,"BOS, OTT",C,31,1988-09-24,Boston,MA,USA,USA,73,200,2007,COL,5,14,135
502,Paul LaDue,L.A,D,27,1992-09-06,Grand Forks,ND,USA,USA,74,200,2012,L.A,6,30,181
77,Paul Stastny,VGK,C,33,1985-12-27,Quebec City,QC,CAN,USA,72,193,2005,COL,2,14,44
536,Pavel Buchnevich,NYR,R,24,1995-04-17,Cherepovets,NA,RUS,RUS,74,197,2013,NYR,3,14,75
691,Pavel Zacha,N.J,C,22,1997-04-06,Brno,NA,CZE,CZE,75,210,2015,N.J,1,6,6
542,Peter Cehlarik,BOS,L,24,1995-08-02,Zilina,NA,SVK,SVK,74,202,2013,BOS,3,29,90
124,Phil Kessel,PIT,R,32,1987-10-02,Madison,WI,USA,USA,72,202,2006,BOS,1,5,5
279,Phil Varone,PHI,C,28,1990-12-04,Vaughan,ON,CAN,CAN,70,193,2009,S.J,5,26,147
766,Philippe Myers,PHI,D,22,1997-01-25,Moncton,NB,CAN,CAN,77,210,-,-,-,-,-
428,Phillip Danault,MTL,C,26,1993-02-24,Victoriaville,QC,CAN,CAN,73,201,2011,CHI,1,26,26
449,Phillip Di Giuseppe,"CAR, NSH",L,25,1993-10-09,Toronto,ON,CAN,CAN,72,193,2012,CAR,2,8,38
610,Pierre-Edouard Bellemare,VGK,"C, L",34,1985-03-06,Le Blanc-Mesnil,NA,FRA,FRA,72,198,-,-,-,-,-
804,Pierre-Luc Dubois,CBJ,C,21,1998-06-24,Ste-Agathe-Des-Monts,QC,CAN,CAN,75,218,2016,CBJ,1,3,3
448,Pontus Aberg,"ANA, MIN",L,26,1993-09-23,Stockholm,NA,SWE,SWE,71,194,2012,NSH,2,7,37
879,Quinn Hughes,VAN,D,19,1999-10-14,Orlando,FL,USA,USA,70,170,2018,VAN,1,7,7
467,Radek Faksa,DAL,C,25,1994-01-09,Vitkov,NA,CZE,CZE,75,220,2012,DAL,1,13,13
865,Radim Simek,S.J,D,27,1992-09-20,Mlada Boleslav,NA,CZE,CZE,71,200,-,-,-,-,-
289,Radko Gudas,PHI,D,29,1990-06-05,Prague,NA,CZE,CZE,72,205,2010,T.B,3,6,66
687,Rasmus Andersson,CGY,D,22,1996-10-27,Malmö,NA,SWE,SWE,73,214,2015,CGY,2,23,53
886,Rasmus Dahlin,BUF,D,19,2000-04-13,Trollhattan,NA,SWE,SWE,75,190,2018,BUF,1,1,1
579,Rasmus Ristolainen,BUF,D,24,1994-10-27,Turku,NA,FIN,FIN,76,215,2013,BUF,1,8,8
389,Reid Boucher,VAN,C,26,1993-09-08,Lansing,MI,USA,USA,70,195,2011,N.J,4,8,99
254,Reilly Smith,VGK,R,28,1991-04-01,Toronto,ON,CAN,CAN,72,185,2009,DAL,3,8,69
824,Rem Pitlick,NSH,C,22,1997-04-02,Ottawa,ON,CAN,CAN,69,196,2016,NSH,3,15,76
559,Remi Elie,BUF,L,24,1995-04-16,Cornwall,ON,CAN,CAN,73,215,2013,DAL,2,10,40
261,Richard Panik,ARI,R,28,1991-02-07,Martin,NA,SVK,SVK,73,202,2009,T.B,2,22,52
430,Rickard Rakell,ANA,"C, L",26,1993-05-05,Sundbyberg,NA,SWE,SWE,74,196,2011,ANA,1,30,30
154,Riley Nash,CBJ,C,30,1989-05-09,Consort,AB,CAN,CAN,73,185,2007,EDM,1,21,21
322,Riley Sheahan,"FLA, PIT",C,27,1991-12-07,St. Catharines,ON,CAN,CAN,75,214,2010,DET,1,21,21
801,Riley Stillman,FLA,D,21,1998-03-09,Peterborough,ON,CAN,CAN,73,196,2016,FLA,4,23,114
632,Robby Fabbri,STL,C,23,1996-01-22,Mississauga,ON,CAN,CAN,70,190,2014,STL,1,21,21
166,Robert Bortuzzo,STL,D,30,1989-03-18,Thunder Bay,ON,CAN,CAN,76,216,2007,PIT,3,17,78
560,Robert Hagg,PHI,D,24,1995-02-08,Uppsala,NA,SWE,SWE,74,204,2013,PHI,2,11,41
846,Robert Thomas,STL,C,20,1999-07-02,Aurora,ON,CAN,CAN,72,188,2017,STL,1,20,20
391,Rocco Grimaldi,NSH,C,26,1993-02-08,Anaheim,CA,USA,USA,66,180,2011,FLA,2,3,33
200,Roman Josi,NSH,D,29,1990-06-01,Bern,NA,CHE,CHE,73,201,2008,NSH,2,8,38
72,Roman Polak,DAL,D,33,1986-04-28,Ostrava,NA,CZE,CZE,74,240,2004,STL,6,17,180
6,Ron Hainsey,TOR,D,38,1981-03-24,Bolton,CT,USA,USA,75,201,2000,MTL,1,13,13
714,Roope Hintz,DAL,L,22,1996-11-17,Tampere,NA,FIN,FIN,75,220,2015,DAL,2,19,49
594,Ross Johnston,NYI,L,25,1994-02-18,Charlottetown,PE,CAN,CAN,77,235,-,-,-,-,-
672,Rourke Chartier,S.J,C,23,1996-04-03,Saskatoon,SK,CAN,CAN,71,190,2014,S.J,5,29,149
757,Rudolfs Balcers,OTT,L,22,1997-04-08,Latvia,NA,LVA,LVA,71,180,2015,S.J,5,21,142
71,Ryan Callahan,T.B,R,34,1985-03-21,Rochester,NY,USA,USA,70,187,2004,NYR,4,29,127
602,Ryan Carpenter,VGK,C,28,1991-01-18,Oviedo,FL,USA,USA,72,200,-,-,-,-,-
650,Ryan Donato,"BOS, MIN",C,23,1996-04-09,Boston,MA,USA,USA,72,192,2014,BOS,2,26,56
362,Ryan Dzingel,"CBJ, OTT","C, L",27,1992-03-09,Wheaton,IL,USA,USA,72,190,2011,OTT,7,23,204
246,Ryan Ellis,NSH,D,28,1991-01-03,Hamilton,ON,CAN,CAN,70,180,2009,NSH,1,11,11
38,Ryan Getzlaf,ANA,C,34,1985-05-10,Regina,SK,CAN,CAN,76,228,2003,ANA,1,19,19
547,Ryan Graves,COL,D,24,1995-05-21,Yarmouth,NS,CAN,CAN,77,220,2013,NYR,4,19,110
552,Ryan Hartman,"NSH, PHI",R,25,1994-09-20,Hilton Head Isl.,SC,USA,USA,72,189,2013,CHI,1,30,30
329,Ryan Johansen,NSH,C,27,1992-07-31,Vancouver,BC,CAN,CAN,75,218,2010,CBJ,1,4,4
40,Ryan Kesler,ANA,C,35,1984-08-31,Livonia,MI,USA,USA,74,206,2003,VAN,1,23,23
900,Ryan Kuffner,DET,L,23,1996-06-12,OTTAWA,ON,CAN,CAN,72,195,-,-,-,-,-
779,Ryan Lindgren,NYR,D,21,1998-02-11,Burnsville,MN,USA,USA,72,191,2016,BOS,2,19,49
767,Ryan Lomberg,CGY,L,25,1994-09-12,Richmond Hill,ON,CAN,CAN,69,187,-,-,-,-,-
169,Ryan McDonagh,T.B,D,30,1989-06-13,St. Paul,MN,USA,USA,73,214,2007,MTL,1,12,12
417,Ryan Murphy,"MIN, N.J",D,26,1993-03-31,Aurora,ON,CAN,CAN,71,181,2011,CAR,1,12,12
443,Ryan Murray,CBJ,D,26,1993-09-27,Regina,SK,CAN,CAN,73,206,2012,CBJ,1,2,2
407,Ryan Nugent-Hopkins,EDM,C,26,1993-04-12,Burnaby,BC,CAN,CAN,72,184,2011,EDM,1,1,1
234,Ryan O'Reilly,STL,C,28,1991-02-07,Clinton,ON,CAN,CAN,73,216,2009,COL,2,3,33
852,Ryan Poehling,MTL,C,20,1999-01-03,Lakeville,MN,USA,USA,74,183,2017,MTL,1,25,25
586,Ryan Pulock,NYI,D,24,1994-10-06,Dauphin,MB,CAN,CAN,74,217,2013,NYI,1,15,15
99,Ryan Reaves,VGK,R,32,1987-01-20,Winnipeg,MB,CAN,CAN,73,225,2005,STL,5,31,156
300,Ryan Spooner,"EDM, NYR, VAN",C,27,1992-01-30,Ottawa,ON,CAN,CAN,70,191,2010,BOS,2,15,45
411,Ryan Strome,"EDM, NYR",C,26,1993-07-11,Mississauga,ON,CAN,CAN,73,193,2011,NYI,1,5,5
30,Ryan Suter,MIN,D,34,1985-01-21,Madison,WI,USA,USA,74,206,2003,NSH,1,7,7
529,Saku Maenalanen,CAR,R,25,1994-05-29,Kemi,NA,FIN,FIN,75,207,2013,NSH,5,4,125
615,Sam Bennett,CGY,C,23,1996-06-20,Holland Landing,ON,CAN,CAN,73,195,2014,CGY,1,4,4
342,Sam Carrick,ANA,C,27,1992-02-04,Markham,ON,CAN,CAN,72,205,2010,TOR,5,24,144
150,Sam Gagner,"EDM, VAN",C,30,1989-08-10,London,ON,CAN,CAN,71,200,2007,EDM,1,6,6
613,Sam Reinhart,BUF,C,23,1995-11-06,West Vancouver,BC,CAN,CAN,73,192,2014,BUF,1,2,2
790,Sam Steel,ANA,C,21,1998-02-03,Ardrossan,AB,CAN,CAN,71,189,2016,ANA,1,30,30
764,Sami Niku,WPG,D,22,1996-10-10,Haapavesi,NA,FIN,FIN,73,176,2015,WPG,7,17,198
264,Sami Vatanen,N.J,D,28,1991-06-03,Jyväskylä,NA,FIN,FIN,70,185,2009,ANA,4,15,106
674,Sammy Blais,STL,L,23,1996-06-17,Montmagny,QC,CAN,CAN,74,205,2014,STL,6,26,176
803,Samuel Girard,COL,D,21,1998-05-12,Roberval,QC,CAN,CAN,70,170,2016,NSH,2,17,47
582,Samuel Morin,PHI,D,24,1995-07-12,Lac-Beauport,QC,CAN,CAN,78,202,2013,PHI,1,11,11
405,Scott Harrington,CBJ,D,26,1993-03-10,Kingston,ON,CAN,CAN,74,204,2011,PIT,2,24,54
453,Scott Laughton,PHI,C,25,1994-05-30,Oakville,ON,CAN,CAN,73,190,2012,PHI,1,20,20
392,Scott Mayfield,NYI,D,26,1992-10-14,St. Louis,MO,USA,USA,76,223,2011,NYI,2,4,34
364,Scott Wilson,BUF,L,27,1992-04-24,Oakville,ON,CAN,CAN,71,186,2011,PIT,7,28,209
414,Sean Couturier,PHI,C,26,1992-12-07,Phoenix,AZ,USA,CAN,75,211,2011,PHI,1,8,8
376,Sean Kuraly,BOS,C,26,1993-01-20,Dublin,OH,USA,USA,74,213,2011,S.J,5,12,133
577,Sean Monahan,CGY,C,24,1994-10-12,Brampton,ON,CAN,CAN,75,200,2013,CGY,1,6,6
871,Sean Walker,L.A,D,24,1994-11-13,Keswick,ON,CAN,CAN,71,196,-,-,-,-,-
705,Sebastian Aho,CAR,"C, R",22,1997-07-26,Rauma,NA,FIN,FIN,71,176,2015,CAR,2,5,35
575,Seth Jones,CBJ,D,25,1994-10-03,Arlington,TX,USA,USA,76,209,2013,NSH,1,4,4
474,Shayne Gostisbehere,PHI,D,26,1993-04-20,Pembroke Pines,FL,USA,USA,71,180,2012,PHI,3,17,78
549,Shea Theodore,VGK,D,24,1995-08-03,Langley,BC,CAN,CAN,74,195,2013,ANA,1,26,26
46,Shea Weber,MTL,D,34,1985-08-14,Sicamous,BC,CAN,CAN,76,230,2003,NSH,2,19,49
870,Sheldon Dries,COL,C,25,1994-04-23,Macomb Township,WI,USA,USA,69,180,-,-,-,-,-
877,Sheldon Rempal,L.A,R,24,1995-08-07,Calgary,AB,CAN,CAN,70,165,-,-,-,-,-
78,Sidney Crosby,PIT,C,32,1987-08-07,Cole Harbour,NS,CAN,CAN,71,200,2005,PIT,1,1,1
465,Slater Koekkoek,"CHI, T.B",D,25,1994-02-18,Winchester,ON,CAN,CAN,74,193,2012,T.B,1,10,10
627,Sonny Milano,CBJ,L,23,1996-05-12,Massapequa,NY,USA,USA,72,194,2014,CBJ,1,16,16
259,Stefan Elliott,OTT,D,28,1991-01-30,Vancouver,BC,CAN,CAN,73,190,2009,COL,2,19,49
425,Stefan Noesen,N.J,R,26,1993-02-12,Plano,TX,USA,USA,73,205,2011,OTT,1,21,21
104,Stephen Gionta,NYI,"C, R",35,1983-10-09,Rochester,NY,USA,USA,67,177,-,-,-,-,-
381,Steven Fogarty,NYR,C,26,1993-04-19,Chambersburg,PA,USA,USA,75,208,2011,NYR,3,11,72
140,Steven Kampfer,BOS,D,31,1988-09-24,Ann Arbor,MI,USA,USA,71,198,2007,ANA,4,2,93
561,Steven Santini,N.J,D,24,1995-03-07,Bronxville,NY,USA,USA,74,205,2013,N.J,2,12,42
184,Steven Stamkos,T.B,C,29,1990-02-07,Markham,ON,CAN,CAN,73,194,2008,T.B,1,1,1
540,Sven Andrighetto,COL,R,26,1993-03-21,Zurich,NA,CHE,CHE,70,188,2013,MTL,3,25,86
418,Sven Baertschi,VAN,L,26,1992-10-05,Bern,NA,CHE,CHE,71,190,2011,CGY,1,13,13
84,T.J. Oshie,WSH,R,32,1986-12-23,Everett,WA,USA,USA,71,195,2005,STL,1,24,24
813,Tage Thompson,BUF,"C, R",21,1997-10-30,Phoenix,AZ,USA,USA,77,205,2016,STL,1,26,26
768,Tanner Fritz,NYI,C,28,1991-08-20,Grande Prairie,AB,CAN,CAN,71,192,-,-,-,-,-
452,Tanner Pearson,"L.A, PIT, VAN",L,27,1992-08-10,Kitchener,ON,CAN,CAN,73,201,2012,L.A,1,30,30
901,Taro Hirose,DET,L,23,1996-06-30,Calgary,AB,CAN,CAN,70,160,-,-,-,-,-
355,Taylor Fedun,DAL,D,31,1988-06-04,Edmonton,AB,CAN,CAN,73,200,-,-,-,-,-
327,Taylor Hall,N.J,L,27,1991-11-14,Calgary,AB,CAN,CAN,73,205,2010,EDM,1,1,1
486,Teddy Blueger,PIT,C,25,1994-08-15,Riga,NA,LVA,LVA,72,185,2012,PIT,2,22,52
462,Teuvo Teravainen,CAR,L,25,1994-09-11,Helsinki,NA,FIN,FIN,71,191,2012,CHI,1,18,18
725,Thomas Chabot,OTT,D,22,1997-01-30,Sainte-Marie,QC,CAN,CAN,74,190,2015,OTT,1,18,18
155,Thomas Hickey,NYI,D,30,1989-02-08,Calgary,AB,CAN,CAN,72,183,2007,L.A,1,4,4
29,Thomas Vanek,DET,L,35,1984-01-19,Vienna,NA,AUT,AUT,74,214,2003,BUF,1,5,5
341,Tim Heed,S.J,D,28,1991-01-27,Gothenburg,NA,SWE,SWE,72,180,2010,ANA,5,12,132
516,Tim Schaller,VAN,C,28,1990-11-16,Merrimack,NH,USA,USA,74,204,-,-,-,-,-
698,Timo Meier,S.J,R,22,1996-10-08,Herisau,NA,CHE,CHE,72,210,2015,S.J,1,9,9
792,Timothy Gettinger,NYR,L,21,1998-04-14,Cleveland,OH,USA,USA,78,218,2016,NYR,5,20,141
212,TJ Brodie,CGY,D,29,1990-06-07,Chatham,ON,CAN,CAN,73,185,2008,CGY,4,23,114
372,Tobias Rieder,EDM,R,26,1993-01-10,Landshut,NA,DEU,DEU,71,186,2011,EDM,4,23,114
339,Tom Kuhnhackl,NYI,R,27,1992-01-21,Landshut,NA,DEU,DEU,74,196,2010,PIT,4,20,110
96,Tom Pyatt,OTT,L,32,1987-02-14,Thunder Bay,ON,CAN,CAN,71,185,2005,NYR,4,16,107
460,Tom Wilson,WSH,R,25,1994-03-29,Toronto,ON,CAN,CAN,76,220,2012,WSH,1,16,16
461,Tomas Hertl,S.J,C,25,1993-11-12,Praha,NA,CZE,CZE,74,215,2012,S.J,1,17,17
434,Tomas Hyka,VGK,R,26,1993-03-23,Mlada Boleslav,NA,CZE,CZE,71,160,2012,L.A,6,20,171
611,Tomas Nosek,VGK,L,27,1992-09-01,Pardubice,NA,CZE,CZE,75,210,-,-,-,-,-
18,Tomas Plekanec,MTL,C,36,1982-10-31,Kladno,NA,CZE,CZE,71,190,2001,MTL,3,8,71
255,Tomas Tatar,MTL,L,28,1990-12-01,Ilava,NA,SVK,SVK,70,183,2009,DET,2,30,60
630,Tony DeAngelo,NYR,D,23,1995-10-24,Sewell,NJ,USA,USA,71,180,2014,T.B,1,19,19
437,Torey Krug,BOS,D,28,1991-04-12,Livonia,MI,USA,USA,69,186,-,-,-,-,-
369,Travis Boyd,WSH,C,26,1993-09-14,Hopkins,MN,USA,USA,71,190,2011,WSH,6,26,177
695,Travis Dermott,TOR,D,22,1996-12-22,Newmarket,ON,CAN,CAN,72,205,2015,TOR,2,4,34
204,Travis Hamonic,CGY,D,29,1990-08-16,St. Malo,MB,CAN,CAN,74,205,2008,NYI,2,23,53
708,Travis Konecny,PHI,"C, R",22,1997-03-11,London,ON,CAN,CAN,70,175,2015,PHI,1,24,24
628,Travis Sanheim,PHI,D,23,1996-03-29,Elkhorn,MB,CAN,CAN,75,181,2014,PHI,1,17,17
62,Travis Zajac,N.J,C,34,1985-05-13,Winnipeg,MB,CAN,CAN,74,185,2004,N.J,1,20,20
793,Trent Frederic,BOS,C,21,1998-02-11,St. Louis,MO,USA,USA,74,203,2016,BOS,1,29,29
492,Trevor Carrick,CAR,D,25,1994-07-04,Stouffville,ON,CAN,CAN,74,196,2012,CAR,4,24,115
20,Trevor Daley,DET,D,35,1983-10-09,Toronto,ON,CAN,CAN,71,195,2002,DAL,2,13,43
111,Trevor Lewis,L.A,C,32,1987-01-08,Salt Lake City,UT,USA,USA,73,202,2006,L.A,1,17,17
829,Trevor Moore,TOR,L,24,1995-03-31,Thousand Oaks,CA,USA,USA,70,185,-,-,-,-,-
601,Trevor van Riemsdyk,CAR,D,28,1991-07-24,Middletown,NJ,USA,USA,74,192,-,-,-,-,-
73,Troy Brouwer,FLA,R,34,1985-08-17,Vancouver,BC,CAN,CAN,75,213,2004,CHI,7,21,214
817,Troy Stecher,VAN,D,25,1994-04-07,Richmond,BC,CAN,CAN,70,186,-,-,-,-,-
758,Troy Terry,ANA,R,22,1997-09-10,Denver,CO,USA,USA,73,180,2015,ANA,5,27,148
390,Ty Rattie,EDM,R,26,1993-02-05,Calgary,AB,CAN,CAN,71,183,2011,STL,2,2,32
569,Tyler Bertuzzi,DET,L,24,1995-02-24,Sudbury,ON,CAN,CAN,72,190,2013,DET,2,28,58
231,Tyler Bozak,STL,C,33,1986-03-19,Regina,SK,CAN,CAN,73,199,-,-,-,-,-
197,Tyler Ennis,TOR,"C, L",29,1989-10-06,Edmonton,AB,CAN,CAN,69,161,2008,BUF,1,26,26
228,Tyler Johnson,T.B,C,29,1990-07-29,Spokane,WA,USA,USA,68,182,-,-,-,-,-
525,Tyler Lewington,WSH,D,24,1994-12-05,Edmonton,AB,CAN,CAN,74,200,2013,WSH,7,23,204
527,Tyler Motte,VAN,C,24,1995-03-10,St. Clair,MI,USA,USA,70,192,2013,CHI,4,30,121
191,Tyler Myers,WPG,D,29,1990-02-01,Houston,TX,USA,CAN,80,229,2008,BUF,1,12,12
310,Tyler Pitlick,DAL,C,27,1991-11-01,Minneapolis,MN,USA,USA,74,200,2010,EDM,2,1,31
330,Tyler Seguin,DAL,C,27,1992-01-31,Brampton,ON,CAN,CAN,73,200,2010,BOS,1,2,2
299,Tyler Toffoli,L.A,R,27,1992-04-24,Scarborough,ON,CAN,CAN,72,197,2010,L.A,2,17,47
534,Tyrell Goulbourne,PHI,L,25,1994-01-26,Edmonton,AB,CAN,CAN,71,195,2013,PHI,3,11,72
256,Tyson Barrie,COL,D,28,1991-07-26,Victoria,BC,CAN,CAN,70,197,2009,COL,3,3,64
796,Tyson Jost,COL,C,21,1998-03-14,St. Albert,AB,CAN,CAN,71,187,2016,COL,1,10,10
841,Urho Vaakanainen,BOS,D,20,1999-01-01,Joensuu,NA,FIN,FIN,73,185,2017,BOS,1,18,18
557,Valentin Zykov,"CAR, EDM, VGK",L,24,1995-05-15,St. Petersburg,NA,RUS,RUS,73,220,2013,L.A,2,7,37
581,Valeri Nichushkin,DAL,R,24,1995-03-04,Chelyabinsk,NA,RUS,RUS,76,210,2013,DAL,1,10,10
19,Valtteri Filppula,NYI,C,35,1984-03-20,Vantaa,NA,FIN,FIN,72,196,2002,DET,3,32,95
239,Victor Hedman,T.B,D,28,1990-12-18,Ornskoldsvik,NA,SWE,SWE,78,229,2009,T.B,1,2,2
799,Victor Mete,MTL,D,21,1998-06-07,Woodbridge,ON,CAN,CAN,69,187,2016,MTL,4,9,100
676,Victor Olofsson,BUF,L,24,1995-07-18,Ornskoldsvik,NA,SWE,SWE,71,181,2014,BUF,7,1,181
396,Victor Rask,"CAR, MIN",C,26,1993-03-01,Leksand,NA,SWE,SWE,74,193,2011,CAR,2,12,42
664,Viktor Arvidsson,NSH,"L, R",26,1993-04-08,Skellefteå,NA,SWE,SWE,69,180,2014,NSH,4,22,112
694,Vince Dunn,STL,D,22,1996-10-29,Mississauga,ON,CAN,CAN,72,203,2015,STL,2,26,56
378,Vincent Trocheck,FLA,C,26,1993-07-11,Pittsburgh,PA,USA,USA,70,183,2011,FLA,3,3,64
833,Vinni Lettieri,NYR,C,24,1995-02-06,Excelsior,MN,USA,USA,71,185,-,-,-,-,-
504,Vinnie Hinostroza,ARI,C,25,1994-04-03,Chicago,IL,USA,USA,69,173,2012,CHI,6,18,169
809,Vitaly Abramov,OTT,R,21,1998-05-08,Chelyabinsk,NA,RUS,RUS,69,171,2016,CBJ,3,4,65
94,Vladimir Sobotka,BUF,C,32,1987-07-02,Trebic,NA,CZE,CZE,70,189,2005,BOS,4,15,106
319,Vladimir Tarasenko,STL,R,27,1991-12-13,Yaroslavl,NA,RUS,RUS,72,225,2010,STL,1,16,16
647,Vladislav Kamenev,COL,C,23,1996-08-12,Orsk,NA,RUS,RUS,74,194,2014,NSH,2,12,42
429,Vladislav Namestnikov,NYR,C,26,1992-11-22,Zhukovskiy,NA,RUS,RUS,71,183,2011,T.B,1,27,27
274,Wade Megan,DET,C,29,1990-07-22,Canton,NY,USA,USA,73,191,2009,FLA,5,17,138
654,Warren Foegele,CAR,L,23,1996-04-01,Markham,ON,CAN,CAN,74,198,2014,CAR,3,7,67
176,Wayne Simmonds,"NSH, PHI",R,31,1988-08-26,Scarborough,ON,CAN,CAN,74,185,2007,L.A,2,31,61
528,Will Butcher,N.J,D,24,1995-01-06,Sun Prairie,WI,USA,USA,70,190,2013,COL,5,2,123
749,William Borgen,BUF,D,22,1996-12-19,Moorhead,MN,USA,USA,74,196,2015,BUF,4,1,92
568,William Carrier,VGK,L,24,1994-12-20,LaSalle,QC,CAN,CAN,74,212,2013,STL,2,27,57
404,William Karlsson,VGK,C,26,1993-01-08,Marsta,NA,SWE,SWE,73,189,2011,ANA,2,23,53
619,William Nylander,TOR,R,23,1996-05-01,Calgary,AB,CAN,SWE,72,196,2014,TOR,1,8,8
402,Xavier Ouellet,MTL,D,26,1993-07-29,Bayonne,NA,FRA,FRA,73,196,2011,DET,2,18,48
442,Yanni Gourde,T.B,C,27,1991-12-15,Saint-Narcisse,QC,CAN,CAN,69,173,-,-,-,-,-
164,Yannick Weber,NSH,D,31,1988-09-23,Morges,NA,CHE,CHE,71,200,2007,MTL,3,12,73
202,Zac Dalpe,CBJ,C,29,1989-11-01,Paris,ON,CAN,CAN,74,194,2008,CAR,2,15,45
223,Zac Rinaldo,NSH,"C, L",29,1990-06-15,Mississauga,ON,CAN,CAN,70,192,2008,PHI,6,27,178
831,Zach Aston-Reese,PIT,C,25,1994-08-10,Staten Island,NY,USA,USA,72,204,-,-,-,-,-
186,Zach Bogosian,BUF,D,29,1990-07-15,Massena,NY,USA,USA,75,226,2008,ATL,1,3,3
325,Zach Hyman,TOR,"C, L",27,1992-06-09,Toronto,ON,CAN,CAN,73,209,2010,FLA,5,3,123
36,Zach Parise,MIN,L,35,1984-07-28,Minneapolis,MN,USA,USA,71,195,2003,N.J,1,17,17
570,Zach Sanford,STL,L,24,1994-11-09,Salem,MA,USA,USA,76,207,2013,WSH,2,31,61
730,Zach Senyshyn,BOS,R,22,1997-03-30,Ottawa,ON,CAN,CAN,73,192,2015,BOS,1,15,15
349,Zach Trotman,PIT,D,29,1990-08-26,Carmel,IN,USA,USA,75,217,2010,BOS,7,30,210
719,Zach Werenski,CBJ,D,22,1997-07-19,Grosse Pointe,MI,USA,USA,74,212,2015,CBJ,1,8,8
248,Zack Kassian,EDM,R,28,1991-01-24,Windsor,ON,CAN,CAN,75,211,2009,BUF,1,13,13
830,Zack MacEwen,VAN,C,23,1996-07-08,Charlottetown,PE,CAN,CAN,75,205,-,-,-,-,-
180,Zack Smith,OTT,L,31,1988-04-05,Maple Creek,SK,CAN,CAN,74,208,2008,OTT,3,18,79
2,Zdeno Chara,BOS,D,42,1977-03-18,Trencin,NA,SVK,SVK,81,250,1996,NYI,3,4,56
458,Zemgus Girgensons,BUF,C,25,1994-01-05,Riga,NA,LVA,LVA,74,211,2012,BUF,1,14,14
40,Robin Lehner,NYI,G,28,1991-07-24,Gothenburg,NA,SWE,SWE,76,240,2009,OTT,2,16,46
51,Frederik Andersen,TOR,G,30,1989-10-02,Herning,NA,DNK,DNK,76,238,2012,ANA,3,26,87
39,Anders Nilsson,"OTT, VAN",G,29,1990-03-19,Lulea,NA,SWE,SWE,78,232,2009,NYI,3,1,62
17,Thomas Greiss,NYI,G,33,1986-01-29,Fussen,NA,DEU,DEU,73,232,2004,S.J,3,29,94
63,Anthony Stolarz,"EDM, PHI",G,25,1994-01-20,Edison,NJ,USA,USA,78,230,2012,PHI,2,15,45
31,Scott Darling,CAR,G,30,1988-12-22,Newport News,VA,USA,USA,78,226,2007,PHX,6,2,153
77,Mackenzie Blackwood,N.J,G,22,1996-12-09,Thunder Bay,ON,CAN,CAN,76,225,2015,N.J,2,12,42
15,Devan Dubnyk,MIN,G,33,1986-05-04,Regina,SK,CAN,CAN,78,224,2004,EDM,1,14,14
26,James Reimer,FLA,G,31,1988-03-15,Morweena,MB,CAN,CAN,74,220,2006,TOR,4,6,99
6,Mike Smith,CGY,G,37,1982-03-22,Kingston,ON,CAN,CAN,76,220,2001,DAL,5,30,161
12,Jimmy Howard,DET,G,35,1984-03-26,Syracuse,NY,USA,USA,73,218,2003,DET,2,34,64
20,Carey Price,MTL,G,32,1987-08-16,Anahim Lake,BC,CAN,CAN,75,217,2005,MTL,1,5,5
19,Pekka Rinne,NSH,G,36,1982-11-03,Kempele,NA,FIN,FIN,77,217,2004,NSH,8,31,258
60,Andrei Vasilevskiy,T.B,G,25,1994-07-25,Tyumen,NA,RUS,RUS,75,216,2012,T.B,1,19,19
11,Corey Crawford,CHI,G,34,1984-12-31,Montreal,QC,CAN,CAN,74,216,2003,CHI,2,22,52
22,Jonathan Quick,L.A,G,33,1986-01-21,Milford,CT,USA,USA,73,216,2005,L.A,3,11,72
42,Darcy Kuemper,ARI,G,29,1990-05-05,Saskatoon,SK,CAN,CAN,77,215,2009,MIN,6,10,161
41,Edward Pasquale,T.B,G,28,1990-11-20,Toronto,ON,CAN,CAN,74,215,2009,ATL,4,26,117
1,Roberto Luongo,FLA,G,40,1979-04-04,Montreal,QC,CAN,CAN,75,215,1997,NYI,1,4,4
36,Braden Holtby,WSH,G,30,1989-09-16,Lloydminster,SK,CAN,CAN,74,214,2008,WSH,4,2,93
65,Linus Ullmark,BUF,G,26,1993-07-31,Lugnvik,NA,SWE,SWE,76,213,2012,BUF,6,12,163
23,Ben Bishop,DAL,G,32,1986-11-21,Denver,CO,USA,USA,79,210,2005,STL,3,24,85
81,Landon Bow,DAL,G,24,1995-08-24,NA,NA,NA,NA,76,210,-,-,-,-,-
49,Louis Domingue,T.B,G,27,1992-03-06,St-Hyacinthe,QC,CAN,CAN,75,210,2010,PHX,5,18,138
32,Antti Niemi,MTL,G,36,1983-08-29,Vantaa,NA,FIN,FIN,74,209,-,-,-,-,-
14,Brian Elliott,PHI,G,34,1985-04-09,Newmarket,ON,CAN,CAN,74,209,2003,OTT,9,30,291
70,Marcus Hogberg,OTT,G,24,1994-11-25,Orebro,NA,SWE,SWE,77,209,2013,OTT,3,17,78
29,Michal Neuvirth,PHI,G,31,1988-03-23,Ústí nad Labem,NA,CZE,CZE,73,209,2006,WSH,2,4,34
92,Collin Delia,CHI,G,25,1994-06-20,Rancho Cucamonga,CA,USA,USA,74,208,-,-,-,-,-
46,Calvin Pickard,"ARI, PHI",G,27,1992-04-15,Moncton,NB,CAN,CAN,73,207,2010,COL,2,19,49
57,Christopher Gibson,NYI,G,26,1992-12-27,Karkkila,NA,FIN,FIN,73,207,2011,L.A,2,19,49
64,Connor Hellebuyck,WPG,G,26,1993-05-19,Commerce,MI,USA,USA,76,207,2012,WPG,5,9,130
56,John Gibson,ANA,G,26,1993-07-14,Pittsburgh,PA,USA,USA,75,207,2011,ANA,2,9,39
87,David Rittich,CGY,G,27,1992-08-19,Jihlava,NA,CZE,CZE,75,206,-,-,-,-,-
33,Jacob Markstrom,VAN,G,29,1990-01-31,Gävle,NA,SWE,SWE,78,206,2008,FLA,2,1,31
66,Aaron Dell,S.J,G,30,1989-05-04,Airdrie,AB,CAN,CAN,72,205,-,-,-,-,-
28,Semyon Varlamov,COL,G,31,1988-04-27,Samara,NA,RUS,RUS,74,205,2006,WSH,1,23,23
8,Curtis McElhinney,CAR,G,36,1983-05-23,London,ON,CAN,CAN,74,204,2002,CGY,6,10,176
53,Laurent Brossoit,WPG,G,26,1993-03-23,Port Alberni,BC,CAN,CAN,75,204,2011,CGY,6,13,164
34,Jake Allen,STL,G,29,1990-08-07,Fredericton,NB,CAN,CAN,74,203,2008,STL,2,4,34
79,Adin Hill,ARI,G,23,1996-05-11,Comox,BC,CAN,CAN,78,202,2015,ARI,3,15,76
38,Mikko Koskinen,EDM,G,31,1988-07-18,Vantaa,NA,FIN,FIN,78,202,2009,NYI,2,1,31
85,Alex Lyon,PHI,G,26,1992-12-09,Baudette,MN,USA,USA,73,201,-,-,-,-,-
54,Garret Sparks,TOR,G,26,1993-06-28,Elmhurst,IL,USA,USA,74,201,2011,TOR,7,9,190
84,Kevin Boyle,ANA,G,27,1992-05-30,Manalapan,NJ,USA,USA,73,201,-,-,-,-,-
24,Alex Stalock,MIN,G,32,1987-07-28,St. Paul,MN,USA,USA,72,200,2005,S.J,4,21,112
16,Cory Schneider,N.J,G,33,1986-03-18,Marblehead,MA,USA,USA,75,200,2004,VAN,1,26,26
59,Malcolm Subban,VGK,G,25,1993-12-21,Toronto,ON,CAN,CAN,74,200,2012,BOS,1,24,24
88,Michael Dipietro,VAN,G,20,1999-06-09,Windsor,ON,CAN,CAN,72,200,2017,VAN,3,2,64
74,Pheonix Copley,WSH,G,27,1992-01-18,North Pole,AK,USA,USA,76,200,-,-,-,-,-
78,Sam Montembeault,FLA,G,22,1996-10-30,Bécancour,QC,CAN,CAN,75,199,2015,FLA,3,16,77
43,Carter Hutton,BUF,G,33,1985-12-19,Thunder Bay,ON,CAN,CAN,73,198,-,-,-,-,-
35,Michael Hutchinson,"FLA, TOR",G,29,1990-03-02,Barrie,ON,CAN,CAN,75,198,2008,BOS,3,16,77
25,Chad Johnson,"ANA, STL",G,33,1986-06-10,Saskatoon,SK,CAN,CAN,75,197,2006,PIT,5,2,125
47,Jack Campbell,L.A,G,27,1992-01-09,Port Huron,MI,USA,USA,74,197,2010,DAL,1,11,11
80,Joey Daccord,OTT,G,23,1996-08-19,Boston,MA,USA,USA,74,197,2015,OTT,7,18,199
44,Cam Talbot,"EDM, PHI",G,32,1987-07-05,Caledonia,ON,CAN,CAN,76,196,-,-,-,-,-
5,Peter Budaj,L.A,G,37,1982-09-18,Banská Bystrica,NA,SVK,SVK,73,196,2001,COL,2,33,63
18,Anton Khudobin,DAL,G,33,1986-05-07,Ust-Kamenogorsk,NA,KAZ,RUS,71,195,2004,MIN,7,13,206
68,Antti Raanta,ARI,G,30,1989-05-12,Rauma,NA,FIN,FIN,72,195,-,-,-,-,-
67,Mike Condon,OTT,G,29,1990-04-27,Holliston,MA,USA,USA,74,195,-,-,-,-,-
9,Cam Ward,CHI,G,35,1984-02-29,Saskatoon,SK,CAN,CAN,73,194,2002,CAR,1,25,25
72,Tristan Jarry,PIT,G,24,1995-04-29,Surrey,BC,CAN,CAN,74,194,2013,PIT,2,14,44
75,Thatcher Demko,VAN,G,23,1995-12-08,San Diego,CA,USA,USA,76,192,2014,VAN,2,6,36
62,Joonas Korpisalo,CBJ,G,25,1994-04-28,Pori,NA,FIN,FIN,75,191,2012,CBJ,3,1,62
37,Martin Jones,S.J,G,29,1990-01-10,North Vancouver,BC,CAN,CAN,76,190,-,-,-,-,-
58,Maxime Lagace,VGK,G,26,1993-01-12,Saint-Augustin,QC,CAN,CAN,74,190,-,-,-,-,-
50,Petr Mrazek,CAR,G,27,1992-02-14,Ostrava,NA,CZE,CZE,74,190,2010,DET,5,21,141
76,Alex Nedeljkovic,CAR,G,23,1996-01-07,Parma,OH,USA,USA,72,189,2014,CAR,2,7,37
48,Philipp Grubauer,COL,G,27,1991-11-25,Rosenheim,NA,DEU,DEU,73,188,2010,WSH,4,22,112
45,Sergei Bobrovsky,CBJ,G,31,1988-09-20,Novokuznetsk,NA,RUS,RUS,74,187,-,-,-,-,-
2,Craig Anderson,OTT,G,38,1981-05-21,Park Ridge,IL,USA,USA,74,186,2001,CHI,3,10,73
52,Keith Kinkaid,N.J,G,30,1989-07-04,Farmingville,NY,USA,USA,75,186,-,-,-,-,-
69,Cal Petersen,L.A,G,24,1994-10-19,Waterloo,IA,USA,USA,73,185,2013,BUF,5,8,129
13,Jaroslav Halak,BOS,G,34,1985-05-13,Bratislava,NA,SVK,SVK,71,185,2003,MTL,9,10,271
27,Jonathan Bernier,DET,G,31,1988-08-07,Laval,QC,CAN,CAN,72,184,2006,L.A,1,11,11
7,Mike McKenna,"OTT, PHI",G,36,1983-04-11,St. Louis,MO,USA,USA,74,183,2002,NSH,6,6,172
30,Richard Bachman,VAN,G,32,1987-07-25,Salt Lake City,UT,USA,USA,70,183,2006,DAL,4,27,120
4,Henrik Lundqvist,NYR,G,37,1982-03-02,Are,NA,SWE,SWE,73,182,2000,NYR,7,8,205
90,Kaden Fulcher,DET,G,21,1998-09-23,Brigden,ON,CAN,NA,74,182,-,-,-,-,-
86,Carter Hart,PHI,G,21,1998-08-13,Sherwood Park,AB,CAN,CAN,73,181,2016,PHI,2,18,48
82,Casey DeSmith,PIT,G,28,1991-08-13,Rochester,NH,USA,USA,72,181,-,-,-,-,-
83,Charlie Lindgren,MTL,G,25,1993-12-18,Lakeville,MN,USA,USA,73,180,-,-,-,-,-
71,Juuse Saros,NSH,G,24,1995-04-19,Forssa,NA,FIN,FIN,71,180,2013,NSH,4,8,99
10,Marc-Andre Fleury,VGK,G,34,1984-11-28,Sorel,QC,CAN,CAN,74,180,2003,PIT,1,1,1
93,Pavel Francouz,COL,G,29,1990-06-03,Plzen,NA,CZE,CSK,72,179,-,-,-,-,-
91,Alexandar Georgiev,NYR,G,23,1996-02-10,Moscow,NA,RUS,RUS,73,178,-,-,-,-,-
61,Matt Murray,PIT,G,25,1994-05-25,Thunder Bay,ON,CAN,CAN,76,178,2012,PIT,3,22,83
21,Tuukka Rask,BOS,G,32,1987-03-10,Savonlinna,NA,FIN,FIN,75,176,2005,TOR,1,21,21
73,Eric Comrie,WPG,G,24,1995-07-06,Edmonton,AB,CAN,CAN,73,175,2013,WPG,2,29,59
89,Hunter Miska,ARI,G,24,1995-07-07,North Branch,MN,USA,USA,73,175,-,-,-,-,-
55,Jordan Binnington,STL,G,26,1993-07-11,Richmond Hill,ON,CAN,CAN,73,174,2011,STL,3,27,88
3,Ryan Miller,ANA,G,39,1980-07-17,East Lansing,MI,USA,USA,75,170,1999,BUF,5,12,138
